,date,article,url,comment,share,hashtags
0,2021-08-01 21:14:00,‡πÑ‡∏•‡πà‡∏¢‡∏¥‡∏á‡∏õ‡∏£‡∏∞‡∏ä‡∏≤‡∏ä‡∏ô‡∏à‡∏ô‡∏ï‡∏≠‡∏ô‡∏ô‡∏µ‡πâ‡∏¢‡∏±‡∏á‡πÑ‡∏°‡πà‡∏´‡∏¢‡∏∏‡∏î! ‡∏Å‡∏£‡∏∞‡∏™‡∏∏‡∏ô‡∏ó‡∏∏‡∏Å‡∏•‡∏π‡∏Å ‡πÅ‡∏Å‡πá‡∏™‡∏ô‡πâ‡∏≥‡∏ï‡∏≤‡∏ó‡∏∏‡∏Å‡∏Å‡∏£‡∏∞‡∏õ‡πã‡∏≠‡∏á ‡∏™‡∏≤‡∏£‡πÄ‡∏Ñ‡∏°‡∏µ‡∏ó‡∏µ‡πà‡∏™‡∏≤‡∏î‡∏°‡∏≤‡∏ó‡∏∏‡∏Å‡∏´‡∏¢‡∏î ‡∏°‡∏∂‡∏á‡∏à‡∏∞‡∏ï‡πâ‡∏≠‡∏á‡∏ä‡∏î‡πÉ‡∏ä‡πâ ‡πÄ‡∏à‡∏≠‡∏Å‡∏π‡πÅ‡∏ô‡πà ‡πÑ‡∏≠‡πâ‡∏Ü‡∏≤‡∏ï‡∏Å‡∏£,https://www.facebook.com/FreeYOUTHth/posts/560850648697330,3.1 ‡∏û‡∏±‡∏ô,1.4 ‡∏´‡∏°‡∏∑‡πà‡∏ô,['#‡∏°‡πá‡∏≠‡∏ö7‡∏™‡∏¥‡∏á‡∏´‡∏≤']
1,2021-08-01 22:11:00,"‡∏û‡∏ß‡∏Å‡∏°‡∏∂‡∏á‡∏à‡∏∞‡πÄ‡∏≠‡∏≤‡πÉ‡∏´‡πâ‡∏ï‡∏≤‡∏¢‡πÄ‡∏•‡∏¢‡πÉ‡∏ä‡πà‡∏°‡∏±‡πâ‡∏¢? 


‡∏Ç‡∏≠‡∏ö‡∏Ñ‡∏∏‡∏ì‡∏†‡∏≤‡∏û‡∏à‡∏≤‡∏Å Voice TV",https://www.facebook.com/FreeYOUTHth/posts/560892058693189,3 ‡∏û‡∏±‡∏ô,2.1 ‡∏´‡∏°‡∏∑‡πà‡∏ô,['#‡πÑ‡∏≠‡πâ‡∏Ü‡∏≤‡∏ï‡∏Å‡∏£']
2,2021-08-01 20:00:00,"‡∏¢‡∏¥‡∏á‡πÑ‡∏î‡πâ‡∏¢‡∏¥‡∏á‡∏î‡∏µ 7 ‡∏™‡∏¥‡∏á‡∏´‡∏≤‡∏ô‡∏µ‡πâ ‡πÄ‡∏≠‡∏≤‡∏Å‡∏£‡∏∞‡∏™‡∏∏‡∏ô‡∏°‡∏∂‡∏á‡∏Å‡∏•‡∏±‡∏ö‡πÑ‡∏õ!
‡∏û‡∏£‡πâ‡∏≠‡∏°‡∏•‡∏∏‡∏¢‡∏Å‡∏ß‡πà‡∏≤‡πÄ‡∏î‡∏¥‡∏°!


‡∏Å‡∏µ‡πà‡∏•‡πâ‡∏≤‡∏ô‡∏Ñ‡∏£‡∏≠‡∏ö‡∏Ñ‡∏£‡∏±‡∏ß‡∏ó‡∏µ‡πà‡∏ï‡πâ‡∏≠‡∏á‡∏û‡∏±‡∏á‡∏û‡∏¥‡∏ô‡∏≤‡∏®‡πÄ‡∏û‡∏£‡∏≤‡∏∞‡∏î‡∏µ‡∏•‡∏ß‡∏±‡∏Ñ‡∏ã‡∏µ‡∏ô‡πÄ‡∏à‡πâ‡∏≤ ‡∏î‡∏µ‡∏•‡∏ó‡∏µ‡πà‡∏û‡∏¢‡∏≤‡∏¢‡∏≤‡∏°‡∏™‡∏£‡πâ‡∏≤‡∏á‡∏Å‡∏≥‡πÑ‡∏£‡πÉ‡∏´‡πâ‡∏Å‡∏±‡∏ö‡∏ö‡∏£‡∏¥‡∏©‡∏±‡∏ó‡∏û‡πà‡∏≠‡∏´‡∏•‡∏ß‡∏á ‡∏ó‡∏µ‡πà‡∏Ç‡∏≤‡∏î‡∏ó‡∏∏‡∏ô‡∏ï‡πà‡∏≠‡πÄ‡∏ô‡∏∑‡πà‡∏≠‡∏á‡∏°‡∏≤‡∏ï‡∏•‡∏≠‡∏î‡∏ï‡∏±‡πâ‡∏á‡πÅ‡∏ï‡πà‡∏Å‡πà‡∏≠‡∏ï‡∏±‡πâ‡∏á‡πÇ‡∏£‡∏á‡∏á‡∏≤‡∏ô ‡∏≠‡∏¢‡∏≤‡∏Å‡πÑ‡∏î‡πâ‡∏Å‡∏≥‡πÑ‡∏£‡∏°‡∏≤‡∏Å‡∏ñ‡∏∂‡∏á‡∏Ç‡∏±‡πâ‡∏ô‡∏ï‡πâ‡∏≠‡∏á‡∏•‡πá‡∏≠‡∏Ñ‡∏™‡πÄ‡∏õ‡∏Ñ ‡∏ó‡∏±‡πâ‡∏á‡∏õ‡∏£‡∏∞‡πÄ‡∏ó‡∏®‡∏ï‡πâ‡∏≠‡∏á‡∏°‡∏≤‡∏£‡∏≠‡∏ß‡∏±‡∏Ñ‡∏ã‡∏µ‡∏ô‡∏à‡∏≤‡∏Å‡πÇ‡∏£‡∏á‡∏á‡∏≤‡∏ô‡πÄ‡∏î‡∏µ‡∏¢‡∏ß


‡∏û‡∏≠‡πÄ‡∏£‡∏¥‡πà‡∏°‡∏û‡∏±‡∏á‡∏û‡∏¥‡∏ô‡∏≤‡∏® ‡πÅ‡∏ó‡∏ô‡∏ó‡∏µ‡πà‡∏•‡∏¥‡πà‡∏ß‡∏•‡πâ‡∏≠‡∏à‡∏∞‡∏Ñ‡∏¥‡∏î‡πÑ‡∏î‡πâ‡∏ß‡πà‡∏≤‡∏ï‡πâ‡∏≠‡∏á‡∏™‡∏±‡πà‡∏á‡∏ß‡∏±‡∏Ñ‡∏ã‡∏µ‡∏ô‡∏î‡∏µ‡πÜ ‡πÄ‡∏Ç‡πâ‡∏≤‡∏°‡∏≤‡∏£‡∏±‡∏Å‡∏©‡∏≤‡∏ä‡∏µ‡∏ß‡∏¥‡∏ï‡∏õ‡∏£‡∏∞‡∏ä‡∏≤‡∏ä‡∏ô ‡πÅ‡∏ï‡πà‡∏¢‡∏±‡∏á‡∏´‡∏ô‡πâ‡∏≤‡∏î‡πâ‡∏≤‡∏ô ‡πÄ‡∏≠‡∏≤‡∏†‡∏≤‡∏©‡∏µ‡∏õ‡∏£‡∏∞‡∏ä‡∏≤‡∏ä‡∏ô‡πÑ‡∏õ‡πÇ‡∏≠‡∏ö‡∏≠‡∏∏‡πâ‡∏°‡∏ß‡∏±‡∏Ñ‡∏ã‡∏µ‡∏ô‡πÄ‡∏à‡πâ‡∏≤‡∏™‡∏±‡∏ß‡∏ã‡∏¥‡πÇ‡∏ô‡πÅ‡∏ß‡∏Ñ ‡∏ó‡∏µ‡πà‡πÅ‡∏û‡∏á‡πÅ‡∏•‡∏∞‡∏´‡πà‡∏ß‡∏¢‡πÅ‡∏ï‡∏Å‡∏ó‡∏µ‡πà‡∏™‡∏∏‡∏î


‡πÄ‡∏´‡πá‡∏ô‡∏†‡∏≤‡∏û‡∏ú‡∏π‡πâ‡∏Ñ‡∏ô‡∏ó‡∏µ‡πà‡∏ï‡πâ‡∏≠‡∏á‡∏°‡∏≤‡πÅ‡∏≠‡∏≠‡∏±‡∏î‡∏ï‡πà‡∏≠‡∏Ñ‡∏¥‡∏ß ‡πÄ‡∏û‡∏∑‡πà‡∏≠‡πÉ‡∏´‡πâ‡πÑ‡∏î‡πâ‡∏â‡∏µ‡∏î‡∏ß‡∏±‡∏Ñ‡∏ã‡∏µ‡∏ô‡∏ö‡πâ‡∏≤‡∏á‡πÑ‡∏´‡∏°? ‡πÄ‡∏´‡πá‡∏ô‡∏†‡∏≤‡∏û‡∏Å‡∏≠‡∏á‡∏®‡∏û‡∏ó‡∏µ‡πà‡∏ï‡∏≤‡∏¢‡∏≠‡∏¢‡∏π‡πà‡∏Ç‡πâ‡∏≤‡∏á‡∏ñ‡∏ô‡∏ô‡∏ö‡πâ‡∏≤‡∏á‡πÑ‡∏´‡∏°? ‡∏´‡∏£‡∏∑‡∏≠‡∏Å‡∏≥‡πÅ‡∏û‡∏á‡∏ß‡∏±‡∏á‡∏°‡∏±‡∏ô‡∏™‡∏π‡∏á‡πÄ‡∏Å‡∏¥‡∏ô‡∏Å‡∏ß‡πà‡∏≤‡∏à‡∏∞‡∏°‡∏≠‡∏á‡πÄ‡∏´‡πá‡∏ô‡∏†‡∏≤‡∏û‡∏Ñ‡∏ß‡∏≤‡∏°‡∏™‡∏¥‡πâ‡∏ô‡∏´‡∏ß‡∏±‡∏á‡πÄ‡∏´‡∏•‡πà‡∏≤‡∏ô‡∏µ‡πâ?


‡∏ñ‡πâ‡∏≤‡∏õ‡∏£‡∏∞‡∏¢‡∏∏‡∏ó‡∏ò‡πå‡∏¢‡∏±‡∏á‡πÑ‡∏°‡πà‡∏≠‡∏≠‡∏Å ‡∏Å‡πá‡πÉ‡∏´‡πâ‡∏°‡∏±‡∏ô‡∏£‡∏π‡πâ‡πÑ‡∏õ ‡πÄ‡∏û‡∏£‡∏≤‡∏∞‡∏Å‡∏≤‡∏£‡∏î‡∏≥‡∏£‡∏á‡∏≠‡∏¢‡∏π‡πà‡∏Ç‡∏≠‡∏á‡∏£‡∏±‡∏ê‡∏ö‡∏≤‡∏•‡∏ä‡∏∏‡∏î‡∏ô‡∏µ‡πâ‡∏ó‡∏≥‡πÉ‡∏´‡πâ‡∏Ñ‡∏ô‡∏ï‡∏≤‡∏™‡∏ß‡πà‡∏≤‡∏á‡∏°‡∏≤‡∏Å‡∏Ç‡∏∂‡πâ‡∏ô‡∏ó‡∏∏‡∏Å‡∏ß‡∏±‡∏ô ‡∏ß‡πà‡∏≤‡∏Å‡∏≤‡∏£‡∏î‡∏≥‡∏£‡∏á‡∏≠‡∏¢‡∏π‡πà‡∏Ç‡∏≠‡∏á‡∏Ñ‡∏£‡∏≠‡∏ö‡∏Ñ‡∏£‡∏±‡∏ß‡∏°‡∏∂‡∏á‡∏°‡∏±‡∏ô‡πÑ‡∏£‡πâ‡∏õ‡∏£‡∏∞‡πÇ‡∏¢‡∏ä‡∏ô‡πå‡πÅ‡∏•‡∏∞‡∏™‡∏£‡πâ‡∏≤‡∏á‡∏Ñ‡∏ß‡∏≤‡∏°‡∏â‡∏¥‡∏ö‡∏´‡∏≤‡∏¢‡πÉ‡∏´‡πâ‡∏Å‡∏±‡∏ö‡∏õ‡∏£‡∏∞‡πÄ‡∏ó‡∏®‡∏ä‡∏≤‡∏ï‡∏¥‡∏°‡∏≤‡∏Å‡πÅ‡∏Ñ‡πà‡πÑ‡∏´‡∏ô ‡πÑ‡∏•‡πà‡∏à‡∏ô‡πÄ‡∏´‡∏ô‡∏∑‡πà‡∏≠‡∏¢‡πÅ‡∏•‡πâ‡∏ß‡πÑ‡∏°‡πà‡πÑ‡∏õ ‡∏Å‡πá‡∏≠‡∏¢‡∏π‡πà‡∏£‡∏≠‡∏ß‡∏±‡∏ô‡∏û‡∏±‡∏á‡∏û‡∏¥‡∏ô‡∏≤‡∏®‡πÑ‡∏õ‡∏î‡πâ‡∏ß‡∏¢‡∏Å‡∏±‡∏ô!


‡∏õ‡∏£‡∏∞‡∏ä‡∏≤‡∏ä‡∏ô‡∏à‡∏∞‡∏ä‡∏ô‡∏∞‡∏≠‡∏¢‡πà‡∏≤‡∏á‡πÅ‡∏ô‡πà‡∏ô‡∏≠‡∏ô


‡πÇ‡∏õ‡∏£‡∏î‡∏ï‡∏¥‡∏î‡∏ï‡∏≤‡∏°",https://www.facebook.com/FreeYOUTHth/posts/560793492036379,789,6.3 ‡∏û‡∏±‡∏ô,"['#‡πÅ‡∏Ñ‡πâ‡∏ô‡∏°‡∏µ‡πÑ‡∏ß‡πâ‡∏ä‡∏≥‡∏£‡∏∞', '#‡∏°‡πá‡∏≠‡∏ö7‡∏™‡∏¥‡∏á‡∏´‡∏≤', '#‡πÄ‡∏≠‡∏≤‡∏´‡πà‡∏≤‡∏Å‡∏£‡∏∞‡∏™‡∏∏‡∏ô‡∏°‡∏∂‡∏á‡∏Å‡∏•‡∏±‡∏ö‡πÑ‡∏õ']"
3,2021-07-30 19:32:00,"‡∏Ç‡∏ì‡∏∞‡∏ó‡∏µ‡πà‡∏õ‡∏£‡∏∞‡πÄ‡∏ó‡∏®‡∏Å‡∏≥‡∏•‡∏±‡∏á‡∏â‡∏¥‡∏ö‡∏´‡∏≤‡∏¢ ‡∏ú‡∏π‡πâ‡∏Ñ‡∏ô‡∏Å‡∏≥‡∏•‡∏±‡∏á‡∏•‡πâ‡∏°‡∏ï‡∏≤‡∏¢ ‡πÇ‡∏à‡∏£‡∏Å‡∏≥‡∏•‡∏±‡∏á‡∏Ñ‡∏£‡∏≠‡∏á‡πÄ‡∏°‡∏∑‡∏≠‡∏á ‡∏à‡∏∞‡πÄ‡∏õ‡πá‡∏ô‡∏Å‡∏•‡∏≤‡∏á‡πÑ‡∏î‡πâ‡∏≠‡∏¢‡πà‡∏≤‡∏á‡πÑ‡∏£?


 ‡πÄ‡∏•‡∏∑‡∏≠‡∏Å‡∏Ç‡πâ‡∏≤‡∏á‡∏Ñ‡∏ß‡∏≤‡∏°‡∏¢‡∏∏‡∏ï‡∏¥‡∏ò‡∏£‡∏£‡∏° ‡πÄ‡∏•‡∏∑‡∏≠‡∏Å‡∏Ç‡πâ‡∏≤‡∏á‡∏õ‡∏£‡∏∞‡∏ä‡∏≤‡∏ä‡∏ô ‡πÇ‡∏õ‡∏£‡∏î‡∏ï‡∏¥‡∏î‡∏ï‡∏≤‡∏°‚Ä¶
___",https://www.facebook.com/FreeYOUTHth/posts/559559085493153,386,766,"['#‡∏°‡πá‡∏≠‡∏ö7‡∏™‡∏¥‡∏á‡∏´‡∏≤', '#‡πÄ‡∏¢‡∏≤‡∏ß‡∏ä‡∏ô‡∏õ‡∏•‡∏î‡πÅ‡∏≠‡∏Å']"
4,2021-07-29 23:07:00,"‡∏û.‡∏ï.‡∏≠.‡∏Å‡∏§‡∏©‡∏ì‡∏∞ ‡∏û‡∏±‡∏í‡∏ô‡πÄ‡∏à‡∏£‡∏¥‡∏ç ‡∏£‡∏≠‡∏á‡πÇ‡∏Ü‡∏©‡∏Å‡∏™‡∏≥‡∏ô‡∏±‡∏Å‡∏á‡∏≤‡∏ô‡∏ï‡∏≥‡∏£‡∏ß‡∏à‡πÅ‡∏´‡πà‡∏á‡∏ä‡∏≤‡∏ï‡∏¥ ‡πÄ‡∏ï‡∏∑‡∏≠‡∏ô‡∏õ‡∏£‡∏∞‡∏ä‡∏≤‡∏ä‡∏ô‡∏´‡∏¢‡∏∏‡∏î‡∏õ‡∏±‡πà‡∏ô Fake news ‡πÄ‡∏ú‡∏¢‡πÅ‡∏û‡∏£‡πà‡∏†‡∏≤‡∏û‡∏Ñ‡∏ô‡∏ï‡∏≤‡∏¢‡∏ö‡∏ô‡∏ñ‡∏ô‡∏ô ‡∏ó‡∏≥‡πÉ‡∏´‡πâ‡∏™‡∏±‡∏á‡∏Ñ‡∏°‡πÄ‡∏Å‡∏¥‡∏î‡∏Ñ‡∏ß‡∏≤‡∏°‡∏ï‡∏∑‡πà‡∏ô‡∏ï‡∏£‡∏∞‡∏´‡∏ô‡∏Å ‡∏´‡∏≤‡∏Å‡∏ù‡πà‡∏≤‡∏ù‡∏∑‡∏ô‡∏≠‡∏≤‡∏à‡∏ñ‡∏π‡∏Å‡∏à‡∏≥‡∏Ñ‡∏∏‡∏Å‡∏™‡∏π‡∏á‡∏™‡∏∏‡∏î‡∏ñ‡∏∂‡∏á 5 ‡∏õ‡∏µ ‡∏õ‡∏£‡∏±‡∏ö‡πÑ‡∏°‡πà‡πÄ‡∏Å‡∏¥‡∏ô 100,000 ‡∏ö‡∏≤‡∏ó ‡∏´‡∏£‡∏∑‡∏≠‡∏ó‡∏±‡πâ‡∏á‡∏à‡∏≥‡∏ó‡∏±‡πâ‡∏á‡∏õ‡∏£‡∏±‡∏ö ‡∏ã‡∏∂‡πà‡∏á‡πÄ‡∏õ‡πá‡∏ô‡πÇ‡∏ó‡∏©‡∏ï‡∏≤‡∏°‡∏û.‡∏£.‡∏ö.‡∏Ñ‡∏≠‡∏°‡∏û‡∏¥‡∏ß‡πÄ‡∏ï‡∏≠‡∏£‡πå


‡∏£‡∏±‡∏ê‡∏ö‡∏≤‡∏•‡πÅ‡∏•‡∏∞‡∏•‡∏¥‡πà‡∏ß‡∏•‡πâ‡∏≠‡πÑ‡∏£‡πâ‡∏Ñ‡∏ß‡∏≤‡∏°‡πÄ‡∏õ‡πá‡∏ô‡∏Ñ‡∏ô ‡∏Ç‡∏ì‡∏∞‡∏ó‡∏µ‡πà‡∏õ‡∏£‡∏∞‡πÄ‡∏ó‡∏®‡πÉ‡∏Å‡∏•‡πâ‡∏•‡πà‡∏°‡∏™‡∏•‡∏≤‡∏¢‡∏Ç‡∏∂‡πâ‡∏ô‡∏ó‡∏∏‡∏Å‡∏ß‡∏±‡∏ô ‡∏¢‡∏≠‡∏î‡∏Ñ‡∏ô‡∏ï‡∏≤‡∏¢‡∏û‡∏∏‡πà‡∏á‡πÄ‡∏Å‡∏¥‡∏ô‡∏™‡∏µ‡πà‡∏û‡∏±‡∏ô ‡∏ï‡∏¥‡∏î‡πÄ‡∏ä‡∏∑‡πâ‡∏≠‡∏£‡∏≤‡∏¢‡∏ß‡∏±‡∏ô‡πÉ‡∏Å‡∏•‡πâ‡πÅ‡∏ï‡∏∞‡∏™‡∏≠‡∏á‡∏´‡∏°‡∏∑‡πà‡∏ô ‡∏ó‡∏≥‡πÑ‡∏°‡πÑ‡∏°‡πà‡πÄ‡∏≠‡∏≤‡πÄ‡∏ß‡∏•‡∏≤‡πÑ‡∏õ‡∏´‡∏≤‡∏ã‡∏∑‡πâ‡∏≠‡∏ß‡∏±‡∏Ñ‡∏ã‡∏µ‡∏ô‡∏Ñ‡∏∏‡∏ì‡∏†‡∏≤‡∏û‡∏°‡∏≤‡∏â‡∏µ‡∏î‡πÉ‡∏´‡πâ‡∏õ‡∏£‡∏∞‡∏ä‡∏≤‡∏ä‡∏ô ‡∏à‡∏∞‡πÑ‡∏î‡πâ‡πÑ‡∏°‡πà‡∏ï‡πâ‡∏≠‡∏á‡πÄ‡∏ú‡∏≤‡∏®‡∏û‡∏à‡∏ô‡πÄ‡∏°‡∏£‡∏∏‡∏£‡∏∞‡πÄ‡∏ö‡∏¥‡∏î‡∏Ç‡∏ô‡∏≤‡∏î‡∏ô‡∏µ‡πâ ‡πÉ‡∏Ñ‡∏£‡∏Å‡∏±‡∏ô‡∏ó‡∏µ‡πà‡∏ö‡∏≠‡∏Å‡∏ß‡πà‡∏≤‡πÇ‡∏Ñ‡∏ß‡∏¥‡∏î‡∏Å‡∏£‡∏∞‡∏à‡∏≠‡∏Å ‡πÉ‡∏Ñ‡∏£‡∏Å‡∏±‡∏ô‡∏ó‡∏µ‡πà‡∏ö‡∏≠‡∏Å‡πÑ‡∏ó‡∏¢‡∏à‡∏∞‡πÄ‡∏õ‡πá‡∏ô‡∏ä‡∏≤‡∏ï‡∏¥‡πÅ‡∏£‡∏Å‡∏Ç‡∏≠‡∏á‡πÇ‡∏•‡∏Å‡∏ó‡∏µ‡πà‡πÑ‡∏î‡πâ‡∏ß‡∏±‡∏Ñ‡∏ã‡∏µ‡∏ô ‡πÉ‡∏Ñ‡∏£‡∏Å‡∏±‡∏ô‡∏ó‡∏µ‡πà‡∏ö‡∏≠‡∏Å‡∏ß‡πà‡∏≤‡∏à‡∏∞‡πÄ‡∏õ‡∏¥‡∏î‡∏õ‡∏£‡∏∞‡πÄ‡∏ó‡∏®


‡∏Ñ‡∏ô‡∏õ‡∏•‡πà‡∏≠‡∏¢ Fake news ‡∏Ñ‡∏∑‡∏≠‡∏°‡∏∂‡∏á‡∏Ñ‡πà‡∏∞ ‡∏≠‡∏≠‡∏Å‡πÑ‡∏õ!
__",https://www.facebook.com/FreeYOUTHth/posts/559003068882088,3.5 ‡∏û‡∏±‡∏ô,4 ‡∏û‡∏±‡∏ô,['#‡πÄ‡∏¢‡∏≤‡∏ß‡∏ä‡∏ô‡∏õ‡∏•‡∏î‡πÅ‡∏≠‡∏Å']
5,2021-07-28 20:00:00,"‡∏ï‡πâ‡∏≠‡∏á‡∏™‡∏±‡∏á‡πÄ‡∏ß‡∏¢‡∏î‡πâ‡∏ß‡∏¢‡∏ä‡∏µ‡∏ß‡∏¥‡∏ï‡∏Ç‡∏≠‡∏á‡∏õ‡∏£‡∏∞‡∏ä‡∏≤‡∏ä‡∏ô‡∏≠‡∏µ‡∏Å‡πÄ‡∏ó‡πà‡∏≤‡πÑ‡∏£ ‡∏à‡∏∂‡∏á‡∏à‡∏∞‡∏™‡∏≥‡πÄ‡∏´‡∏ô‡∏µ‡∏¢‡∏Å‡πÑ‡∏î‡πâ‡∏ß‡πà‡∏≤‡πÄ‡∏ß‡∏•‡∏≤‡∏Ç‡∏≠‡∏á‡∏õ‡∏£‡∏∞‡∏¢‡∏∏‡∏ó‡∏ò‡πå‡πÉ‡∏ô‡∏û‡∏£‡∏∞‡∏ö‡∏£‡∏°‡∏£‡∏≤‡∏ä‡∏π‡∏õ‡∏ñ‡∏±‡∏°‡∏†‡πå‡πÑ‡∏î‡πâ‡∏´‡∏°‡∏î‡∏•‡∏á‡πÅ‡∏•‡πâ‡∏ß


‡∏õ‡∏£‡∏∞‡πÄ‡∏ó‡∏®‡∏ä‡∏≤‡∏ï‡∏¥ ‡∏ì ‡πÄ‡∏ß‡∏•‡∏≤‡∏ô‡∏µ‡πâ‡∏ï‡πâ‡∏≠‡∏á‡∏Å‡∏≤‡∏£‡∏ô‡∏≤‡∏¢‡∏Å‡∏Ø ‡∏ó‡∏µ‡πà‡∏¢‡∏∂‡∏î‡∏õ‡∏£‡∏∞‡πÇ‡∏¢‡∏ä‡∏ô‡πå‡∏Ç‡∏≠‡∏á‡∏õ‡∏£‡∏∞‡∏ä‡∏≤‡∏ä‡∏ô‡πÄ‡∏õ‡πá‡∏ô‡∏ó‡∏µ‡πà‡∏ï‡∏±‡πâ‡∏á


7 ‡∏™‡∏¥‡∏á‡∏´‡∏≤‡∏Ñ‡∏°‡∏ô‡∏µ‡πâ ‡∏ó‡∏∏‡∏ö‡∏õ‡∏£‡∏∞‡∏ï‡∏π‡∏ö‡πâ‡∏≤‡∏ô‡πÄ‡∏à‡πâ‡∏≤‡∏Ç‡∏≠‡∏á‡∏´‡∏°‡∏≤‡πÉ‡∏´‡πâ‡∏û‡∏≤‡∏´‡∏°‡∏≤‡∏°‡∏∂‡∏á‡∏Å‡∏•‡∏±‡∏ö‡∏ö‡πâ‡∏≤‡∏ô!
__",https://www.facebook.com/FreeYOUTHth/posts/558228995626162,1.5 ‡∏û‡∏±‡∏ô,4.2 ‡∏û‡∏±‡∏ô,"['#‡∏°‡πá‡∏≠‡∏ö7‡∏™‡∏¥‡∏á‡∏´‡∏≤', '#‡πÄ‡∏¢‡∏≤‡∏ß‡∏ä‡∏ô‡∏õ‡∏•‡∏î‡πÅ‡∏≠‡∏Å']"
6,2021-07-26 22:34:00,"‡πÑ‡∏°‡πà‡∏°‡∏µ‡πÅ‡∏•‡πâ‡∏ß‡πÄ‡∏°‡∏∑‡∏≠‡∏á‡πÑ‡∏ó‡∏¢‡∏ó‡∏µ‡πà‡∏°‡∏µ‡∏™‡∏∏‡∏Ç
‡∏°‡∏µ‡πÅ‡∏ï‡πà‡∏ó‡∏∏‡∏Å‡∏Ç‡πå‡∏£‡∏∞‡∏ó‡∏°‡πÉ‡∏à‡πÑ‡∏Å‡∏•‡∏Ñ‡∏ß‡∏≤‡∏°‡∏´‡∏ß‡∏±‡∏á
‡∏à‡∏∞‡∏ï‡πà‡∏≠‡∏™‡∏π‡πâ‡∏î‡∏¥‡πâ‡∏ô‡∏£‡∏ô‡∏Å‡πá‡πÄ‡∏Å‡∏¥‡∏ô‡∏Å‡∏≥‡∏•‡∏±‡∏á
‡πÄ‡∏û‡∏£‡∏≤‡∏∞‡∏Ñ‡∏ô‡∏ô‡∏±‡πà‡∏á‡∏ö‡∏£‡∏¥‡∏´‡∏≤‡∏£‡∏ä‡∏≤‡∏ï‡∏¥‡∏≠‡∏±‡∏õ‡∏£‡∏µ‡∏¢‡πå
‡πÄ‡∏Å‡∏¥‡∏î‡πÇ‡∏Ñ‡∏ß‡∏¥‡∏î‡πÇ‡∏£‡∏Ñ‡∏£‡πâ‡∏≤‡∏¢‡∏ó‡∏≥‡∏•‡∏≤‡∏¢‡∏ä‡∏≤‡∏ï‡∏¥
‡∏≠‡πÄ‡∏ô‡∏à‡∏≠‡∏ô‡∏≤‡∏ñ‡∏°‡∏µ‡∏ô‡∏≤‡∏¢‡∏Å‡∏Å‡πá‡∏ö‡∏±‡∏î‡∏™‡∏µ
‡πÄ‡∏´‡πá‡∏ô‡∏û‡∏ß‡∏Å‡∏û‡πâ‡∏≠‡∏á‡πÄ‡∏á‡∏¥‡∏ô‡∏ó‡∏≠‡∏á‡πÉ‡∏ï‡πâ‡πÇ‡∏ï‡πä‡∏∞‡∏î‡∏µ
‡∏Å‡∏ß‡πà‡∏≤‡∏ä‡∏µ‡∏ß‡∏µ‡∏õ‡∏£‡∏∞‡∏ä‡∏≤‡∏ä‡∏ô‡πÄ‡∏£‡∏≤‡∏Ñ‡∏ô‡πÑ‡∏ó‡∏¢
‡∏•‡∏°‡∏´‡∏≤‡∏¢‡πÉ‡∏à‡∏û‡∏µ‡πà‡∏ô‡πâ‡∏≠‡∏á‡∏ó‡∏µ‡πà‡πÅ‡∏î‡∏î‡∏¥‡πâ‡∏ô
‡∏à‡∏∞‡∏´‡∏°‡∏î‡∏™‡∏¥‡πâ‡∏ô‡∏Å‡∏µ‡πà‡∏Ñ‡∏ô‡∏Å‡πá‡πÑ‡∏£‡πâ‡∏Ñ‡∏ß‡∏≤‡∏°‡∏´‡∏°‡∏≤‡∏¢
‡πÄ‡∏ó‡πà‡∏≤‡πÑ‡∏£‡πÅ‡∏•‡πâ‡∏ß‡∏ó‡∏µ‡πà‡∏°‡∏±‡∏ô‡∏õ‡∏•‡πà‡∏≠‡∏¢‡∏û‡∏ß‡∏Å‡πÄ‡∏£‡∏≤‡∏ï‡∏≤‡∏¢
‡∏´‡∏ô‡πâ‡∏≤‡πÑ‡∏°‡πà‡∏≠‡∏≤‡∏¢‡∏ä‡∏≤‡∏ï‡∏¥‡∏ä‡∏±‡πà‡∏ß‡∏ï‡∏±‡∏ß‡∏£‡∏∞‡∏¢‡∏≥
‡∏£‡∏±‡∏ê‡∏°‡∏ô‡∏ï‡∏£‡∏µ‡∏™‡∏≤‡∏ò‡∏≤‡∏£‡∏ì‡∏™‡∏∏‡∏Ç‡∏ï‡∏±‡∏ß‡∏õ‡∏•‡∏∏‡∏Å‡∏õ‡∏±‡πà‡∏ô
‡πÄ‡∏°‡∏∑‡πà‡∏≠‡∏Å‡πà‡∏≠‡∏ô‡∏•‡∏±‡πà‡∏ô‡∏à‡∏∞‡∏î‡∏π‡πÅ‡∏•‡πÉ‡∏´‡πâ‡∏™‡∏∏‡∏Ç‡∏µ
‡∏ï‡∏±‡∏ß‡πÄ‡∏Æ‡∏µ‡∏¢‡∏≠‡∏¢‡πà‡∏≤‡∏á‡∏°‡∏∂‡∏á‡∏≠‡πà‡∏∞‡∏ï‡∏±‡∏ß‡∏î‡∏µ
‡πÑ‡∏°‡πà‡πÄ‡∏Ñ‡∏¢‡∏°‡∏µ‡∏™‡∏≥‡∏ô‡∏∂‡∏Å‡∏Ñ‡∏ß‡∏≤‡∏°‡πÄ‡∏õ‡πá‡∏ô‡∏Ñ‡∏ô
‡∏Ñ‡πâ‡∏≤‡∏Ñ‡∏ß‡∏≤‡∏°‡∏ï‡∏≤‡∏¢‡∏•‡∏°‡∏´‡∏≤‡∏¢‡πÉ‡∏à‡πÄ‡∏û‡∏∑‡πà‡∏≠‡∏ô‡∏°‡∏ô‡∏∏‡∏©‡∏¢‡πå
‡∏Å‡∏£‡∏£‡∏°‡πÄ‡∏ß‡∏£‡∏´‡∏¢‡∏∏‡∏î‡∏£‡∏≠‡∏°‡∏∂‡∏á‡∏ó‡∏∏‡∏Å‡πÅ‡∏´‡πà‡∏á‡∏´‡∏ô
‡∏Ñ‡∏£‡∏≠‡∏ö‡∏Ñ‡∏£‡∏±‡∏ß‡∏°‡∏∂‡∏á‡∏•‡∏≠‡∏á‡πÉ‡∏Å‡∏•‡πâ‡∏ï‡∏≤‡∏¢‡∏î‡∏π‡∏™‡∏±‡∏Å‡∏Ñ‡∏ô
‡∏°‡∏∂‡∏á‡∏à‡∏∞‡∏ó‡∏ô‡∏î‡∏π‡∏î‡∏≤‡∏¢‡πÑ‡∏î‡πâ‡∏Å‡∏µ‡πà‡∏ß‡∏±‡∏ô
‚Äî ‡∏õ‡∏£‡∏∞‡∏û‡∏±‡∏ô‡∏ò‡πå‡πÇ‡∏î‡∏¢ ""‡∏û‡∏¥‡∏£‡∏≤‡∏ö‡∏Ç‡∏≤‡∏ß""
___",https://www.facebook.com/FreeYOUTHth/posts/557016985747363,2.4 ‡∏û‡∏±‡∏ô,1.3 ‡∏´‡∏°‡∏∑‡πà‡∏ô,"['#‡πÄ‡∏¢‡∏≤‡∏ß‡∏ä‡∏ô‡∏õ‡∏•‡∏î‡πÅ‡∏≠‡∏Å', '#28‡∏Å‡∏£‡∏Å‡∏é‡∏≤‡∏£‡πà‡∏ß‡∏°‡πÉ‡∏à‡πÉ‡∏™‡πà‡∏ä‡∏∏‡∏î‡∏î‡∏≥']"
7,2021-07-22 21:18:00,"‡∏ß‡πà‡∏≠‡∏ô! ‡πÄ‡∏≠‡∏Å‡∏™‡∏≤‡∏£‡∏Ñ‡∏•‡πâ‡∏≤‡∏¢‡πÄ‡∏≠‡∏Å‡∏™‡∏≤‡∏£‡∏£‡∏≤‡∏ä‡∏Å‡∏≤‡∏£‡∏à‡∏≤‡∏Å‡∏Å‡∏£‡∏°‡∏™‡∏≤‡∏£‡∏ö‡∏£‡∏£‡∏ì‡∏ó‡∏´‡∏≤‡∏£‡∏Ç‡∏≠‡∏ß‡∏±‡∏Ñ‡∏ã‡∏µ‡∏ô '‡πÇ‡∏°‡πÄ‡∏î‡∏≠‡∏£‡πå‡∏ô‡∏≤' ‡∏à‡∏≤‡∏Å‡∏™‡∏†‡∏≤‡∏Å‡∏≤‡∏ä‡∏≤‡∏î‡πÑ‡∏ó‡∏¢ ‡∏Ç‡∏ì‡∏∞‡∏õ‡∏£‡∏∞‡∏ä‡∏≤‡∏ä‡∏ô‡∏™‡∏á‡∏™‡∏±‡∏¢ ‡∏ó‡∏´‡∏≤‡∏£‡∏™‡∏±‡πà‡∏á‡∏ã‡∏¥‡πÇ‡∏ô‡πÅ‡∏ß‡∏Ñ‡∏°‡∏≤ ‡∏ó‡∏≥‡πÑ‡∏°‡πÑ‡∏°‡πà‡πÄ‡∏Å‡πá‡∏ö‡πÑ‡∏ß‡πâ‡∏â‡∏µ‡∏î‡πÄ‡∏≠‡∏á?
___",https://www.facebook.com/FreeYOUTHth/posts/554427629339632,3 ‡∏û‡∏±‡∏ô,1.4 ‡∏´‡∏°‡∏∑‡πà‡∏ô,['#‡πÄ‡∏¢‡∏≤‡∏ß‡∏ä‡∏ô‡∏õ‡∏•‡∏î‡πÅ‡∏≠‡∏Å']
8,2021-07-22 15:17:00,"‡∏´‡∏±‡∏ß‡πÉ‡∏à‡∏Ç‡∏≠‡∏á‡∏õ‡∏£‡∏∞‡∏ä‡∏≤‡∏ò‡∏¥‡∏õ‡πÑ‡∏ï‡∏¢‡∏Ñ‡∏∑‡∏≠‡∏Ñ‡∏ß‡∏≤‡∏°‡πÄ‡∏ó‡πà‡∏≤‡πÄ‡∏ó‡∏µ‡∏¢‡∏°


‡∏Ñ‡∏ß‡∏≤‡∏°‡πÄ‡∏ó‡πà‡∏≤‡πÄ‡∏ó‡∏µ‡∏¢‡∏°‡∏ó‡∏≤‡∏á‡∏Å‡∏≤‡∏£‡πÄ‡∏°‡∏∑‡∏≠‡∏á‡πÅ‡∏•‡∏∞‡∏Ñ‡∏ß‡∏≤‡∏°‡πÄ‡∏ó‡πà‡∏≤‡πÄ‡∏ó‡∏µ‡∏¢‡∏°‡∏ó‡∏≤‡∏á‡πÄ‡∏®‡∏£‡∏©‡∏ê‡∏Å‡∏¥‡∏à‡πÄ‡∏õ‡πá‡∏ô‡∏™‡∏¥‡πà‡∏á‡∏ó‡∏µ‡πà‡πÅ‡∏¢‡∏Å‡∏Å‡∏±‡∏ô‡πÑ‡∏°‡πà‡∏Ç‡∏≤‡∏î ‡∏´‡∏≤‡∏Å‡∏õ‡∏£‡∏≤‡∏®‡∏à‡∏≤‡∏Å‡∏™‡∏¥‡πà‡∏á‡πÉ‡∏î‡∏™‡∏¥‡πà‡∏á‡∏´‡∏ô‡∏∂‡πà‡∏á ‡∏õ‡∏£‡∏∞‡∏ä‡∏≤‡∏ò‡∏¥‡∏õ‡πÑ‡∏ï‡∏¢‡πÄ‡∏ä‡πà‡∏ô‡∏ô‡∏±‡πâ‡∏ô‡∏Å‡πá‡∏Ñ‡∏á‡∏à‡∏∞‡∏û‡∏¥‡∏Å‡∏•‡∏û‡∏¥‡∏Å‡∏≤‡∏£


‡∏°‡∏ô‡∏∏‡∏©‡∏¢‡πå‡∏ó‡∏∏‡∏Å‡∏Ñ‡∏ô‡∏Ñ‡∏ß‡∏£‡∏°‡∏µ‡∏™‡∏¥‡∏ó‡∏ò‡∏¥‡∏°‡∏µ‡πÄ‡∏™‡∏µ‡∏¢‡∏á‡πÉ‡∏ô‡∏Å‡∏≤‡∏£‡πÄ‡∏°‡∏∑‡∏≠‡∏á‡πÑ‡∏õ‡∏û‡∏£‡πâ‡∏≠‡∏°‡πÜ ‡∏Å‡∏±‡∏ö‡∏°‡∏µ‡∏™‡∏ß‡∏±‡∏™‡∏î‡∏¥‡∏Å‡∏≤‡∏£‡∏ó‡∏µ‡πà‡πÄ‡∏ó‡πà‡∏≤‡πÄ‡∏ó‡∏µ‡∏¢‡∏°‡πÅ‡∏•‡∏∞‡∏ñ‡πâ‡∏ß‡∏ô‡∏´‡∏ô‡πâ‡∏≤ ‡πÄ‡∏£‡∏≤‡∏à‡∏∞‡∏°‡∏µ‡∏õ‡∏£‡∏∞‡∏ä‡∏≤‡∏ò‡∏¥‡∏õ‡πÑ‡∏ï‡∏¢‡∏ó‡∏µ‡πà‡πÅ‡∏ó‡πâ‡∏à‡∏£‡∏¥‡∏á‡πÑ‡∏î‡πâ‡∏≠‡∏¢‡πà‡∏≤‡∏á‡πÑ‡∏£ ‡∏´‡∏≤‡∏Å‡∏û‡∏ß‡∏Å‡πÄ‡∏£‡∏≤ ‡∏ä‡∏ô‡∏ä‡∏±‡πâ‡∏ô 99% ‡∏¢‡∏±‡∏á‡πÑ‡∏°‡πà‡πÑ‡∏î‡πâ‡∏Ñ‡πà‡∏≤‡πÅ‡∏£‡∏á‡πÅ‡∏•‡∏∞‡∏™‡∏ß‡∏±‡∏™‡∏î‡∏¥‡∏Å‡∏≤‡∏£‡∏ó‡∏µ‡πà‡πÄ‡∏õ‡πá‡∏ô‡∏ò‡∏£‡∏£‡∏°


‡πÉ‡∏ô‡∏ê‡∏≤‡∏ô‡∏∞‡∏≠‡∏á‡∏Ñ‡πå‡∏Å‡∏£‡∏ó‡∏µ‡πà‡∏Ç‡∏±‡∏ö‡πÄ‡∏Ñ‡∏•‡∏∑‡πà‡∏≠‡∏ô‡πÄ‡∏û‡∏∑‡πà‡∏≠‡∏Ñ‡∏ß‡∏≤‡∏°‡πÄ‡∏ó‡πà‡∏≤‡πÄ‡∏ó‡∏µ‡∏¢‡∏° ‡πÄ‡∏¢‡∏≤‡∏ß‡∏ä‡∏ô‡∏õ‡∏•‡∏î‡πÅ‡∏≠‡∏Å‡∏Ç‡∏≠‡∏™‡∏ô‡∏±‡∏ö‡∏™‡∏ô‡∏∏‡∏ô‡∏Ç‡πâ‡∏≠‡πÄ‡∏£‡∏µ‡∏¢‡∏Å‡∏£‡πâ‡∏≠‡∏á‡∏ó‡∏µ‡πà‡∏™‡∏´‡∏†‡∏≤‡∏û‡πÑ‡∏£‡πÄ‡∏î‡∏≠‡∏£‡πå‡∏¢‡∏∑‡πà‡∏ô‡∏ï‡πà‡∏≠‡∏ü‡∏π‡∏î‡πÅ‡∏û‡∏ô‡∏î‡πâ‡∏≤ ‡∏ó‡∏±‡πâ‡∏á‡∏ô‡∏µ‡πâ ‡∏™‡∏´‡∏†‡∏≤‡∏û‡πÑ‡∏£‡πÄ‡∏î‡∏≠‡∏£‡πå‡πÄ‡∏õ‡πá‡∏ô‡∏Å‡∏•‡∏∏‡πà‡∏°‡πÅ‡∏£‡∏Å‡πÜ ‡∏ó‡∏µ‡πà‡πÄ‡∏Ç‡πâ‡∏≤‡∏£‡πà‡∏ß‡∏° #‡∏°‡πá‡∏≠‡∏ö18‡∏Å‡∏£‡∏Å‡∏é‡∏≤ ‡∏ó‡∏ß‡∏á‡∏Ñ‡∏∑‡∏ô‡∏õ‡∏£‡∏∞‡πÄ‡∏ó‡∏®‡πÑ‡∏ó‡∏¢ ‡∏Ç‡∏±‡∏ö‡πÑ‡∏•‡πà‡∏õ‡∏£‡∏™‡∏¥‡∏ï


‡∏à‡∏≤‡∏Å‡∏Å‡∏£‡∏ì‡∏µ‡∏ó‡∏µ‡πà‡∏ó‡∏≤‡∏á‡∏ü‡∏π‡∏î‡πÅ‡∏û‡∏ô‡∏î‡πâ‡∏≤‡∏Å‡∏•‡πà‡∏≤‡∏ß‡∏ß‡πà‡∏≤‡∏à‡∏∞‡πÑ‡∏•‡πà‡πÑ‡∏£‡πÄ‡∏î‡∏≠‡∏£‡πå‡∏≠‡∏≠‡∏Å ‡πÄ‡∏ô‡∏∑‡πà‡∏≠‡∏á‡∏à‡∏≤‡∏Å‡∏£‡πà‡∏ß‡∏°‡∏ä‡∏∏‡∏°‡∏ô‡∏∏‡∏°‡πÉ‡∏ô 
 ‡∏à‡∏ô‡πÄ‡∏Å‡∏¥‡∏î‡∏Å‡∏£‡∏∞‡πÅ‡∏™ 
 ‡∏™‡∏´‡∏†‡∏≤‡∏û‡πÑ‡∏£‡πÄ‡∏î‡∏≠‡∏£‡πå‡∏à‡∏∂‡∏á‡∏£‡∏ß‡∏°‡∏ï‡∏±‡∏ß‡∏Å‡∏±‡∏ô‡πÅ‡∏ñ‡∏•‡∏á‡∏Å‡∏≤‡∏£‡∏ì‡πå‡∏Å‡∏î‡∏î‡∏±‡∏ô‡πÉ‡∏´‡πâ‡∏ó‡∏≤‡∏á‡∏ö‡∏£‡∏¥‡∏©‡∏±‡∏ó‡πÄ‡∏Ñ‡∏≤‡∏£‡∏û‡∏™‡∏¥‡∏ó‡∏ò‡∏¥‡πÄ‡∏™‡∏£‡∏µ‡∏†‡∏≤‡∏û ‡πÅ‡∏•‡∏∞‡πÄ‡∏™‡∏ô‡∏≠‡∏Ç‡πâ‡∏≠‡πÄ‡∏£‡∏µ‡∏¢‡∏Å‡∏£‡πâ‡∏≠‡∏á‡πÄ‡∏û‡∏∑‡πà‡∏≠‡∏Ñ‡∏ß‡∏≤‡∏°‡πÄ‡∏õ‡πá‡∏ô‡∏ò‡∏£‡∏£‡∏°‡πÅ‡∏Å‡πà‡∏£‡πâ‡∏≤‡∏ô‡∏Ñ‡πâ‡∏≤‡πÅ‡∏•‡∏∞‡πÑ‡∏£‡πÄ‡∏î‡∏≠‡∏£‡πå ‡∏î‡∏±‡∏á‡∏ô‡∏µ‡πâ


 1.‡∏Ç‡∏≠‡πÉ‡∏´‡πâ‡∏ö‡∏£‡∏¥‡∏©‡∏±‡∏ó‡∏Ø‡∏à‡πà‡∏≤‡∏¢‡∏Ñ‡πà‡∏≤‡∏ï‡∏≠‡∏ö‡πÅ‡∏ó‡∏ô‡πÉ‡∏´‡πâ‡∏Å‡∏±‡∏ö‡πÑ‡∏£‡πÄ‡∏î‡∏≠‡∏£‡πå‡πÑ‡∏°‡πà‡∏ï‡πà‡∏≥‡∏Å‡∏ß‡πà‡∏≤ ‡∏≠‡∏≠‡πÄ‡∏î‡∏≠‡∏£‡πå‡∏•‡∏∞ 25 ‡∏ö‡∏≤‡∏ó ‡∏ó‡∏±‡πà‡∏ß‡∏õ‡∏£‡∏∞‡πÄ‡∏ó‡∏®


 2.‡∏Ç‡∏≠‡πÉ‡∏´‡πâ‡∏ö‡∏£‡∏¥‡∏©‡∏±‡∏ó‡∏Ø‡∏¢‡∏Å‡πÄ‡∏•‡∏¥‡∏Å‡∏Å‡∏≤‡∏£‡πÄ‡∏Å‡πá‡∏ö‡πÄ‡∏á‡∏¥‡∏ô‡∏Ñ‡πà‡∏≤‡∏≠‡∏∏‡∏õ‡∏Å‡∏£‡∏ì‡πå‡∏Å‡∏≤‡∏£‡∏ó‡∏≥‡∏á‡∏≤‡∏ô ‡πÑ‡∏î‡πâ‡πÅ‡∏Å‡πà ‡∏ä‡∏∏‡∏î‡∏ó‡∏≥‡∏á‡∏≤‡∏ô‡πÅ‡∏•‡∏∞‡∏Å‡∏•‡πà‡∏≠‡∏á‡πÉ‡∏™‡πà‡∏≠‡∏≤‡∏´‡∏≤‡∏£ ‡πÇ‡∏î‡∏¢‡πÑ‡∏£‡πÄ‡∏î‡∏≠‡∏£‡πå‡∏™‡∏≤‡∏°‡∏≤‡∏£‡∏ñ‡∏ô‡∏≥‡∏ä‡∏∏‡∏î‡∏ó‡∏≥‡∏á‡∏≤‡∏ô‡πÄ‡∏Å‡πà‡∏≤‡πÅ‡∏•‡∏∞‡∏Å‡∏•‡πà‡∏≠‡∏á‡πÉ‡∏™‡πà‡∏≠‡∏≤‡∏´‡∏≤‡∏£‡∏ó‡∏µ‡πà‡∏ä‡∏≥‡∏£‡∏∏‡∏î ‡∏°‡∏≤‡πÅ‡∏•‡∏Å‡∏Ç‡∏≠‡∏á‡πÉ‡∏´‡∏°‡πà‡∏à‡∏≤‡∏Å‡∏ö‡∏£‡∏¥‡∏©‡∏±‡∏ó‡∏Ø‡πÑ‡∏î‡πâ ‡∏õ‡∏µ‡∏•‡∏∞ 1‡∏ä‡∏∏‡∏î


 3.‡∏Ç‡∏≠‡πÉ‡∏´‡πâ‡∏ö‡∏£‡∏¥‡∏©‡∏±‡∏ó‡∏Ø‡∏•‡∏î‡∏£‡∏≤‡∏Ñ‡∏≤ ‡∏Ñ‡πà‡∏≤ GP ‡∏à‡∏≤‡∏Å‡πÄ‡∏î‡∏¥‡∏° 30% ‡πÉ‡∏´‡πâ‡πÄ‡∏´‡∏•‡∏∑‡∏≠ 15% ‡πÅ‡∏•‡∏∞‡∏á‡∏î‡πÄ‡∏Å‡πá‡∏ö‡∏Ñ‡πà‡∏≤GP ‡∏Å‡∏±‡∏ö‡∏£‡πâ‡∏≤‡∏ô‡∏Ñ‡πâ‡∏≤ ‡πÄ‡∏õ‡πá‡∏ô‡πÄ‡∏ß‡∏•‡∏≤ 1 ‡πÄ‡∏î‡∏∑‡∏≠‡∏ô ‡∏ï‡∏±‡πâ‡∏á‡πÅ‡∏ï‡πà‡∏ß‡∏±‡∏ô‡∏ó‡∏µ‡πà 1 - 31 ‡∏™‡∏¥‡∏á‡∏´‡∏≤‡∏Ñ‡∏° 2564


‡∏≠‡πà‡∏≤‡∏ô‡πÅ‡∏ñ‡∏•‡∏á‡∏Å‡∏≤‡∏£‡∏ì‡πå‡πÄ‡∏ï‡πá‡∏°‡πÑ‡∏î‡πâ‡∏ó‡∏µ‡πà https://www.facebook.com/101242181988751/posts/180657834047185/?d=n
__",https://www.facebook.com/FreeYOUTHth/posts/554240256025036,76,264,"['#‡∏°‡πá‡∏≠‡∏ö18‡∏Å‡∏£‡∏Å‡∏é‡∏≤', '#‡πÅ‡∏ö‡∏ôfoodpanda', '#‡∏™‡∏´‡∏†‡∏≤‡∏û‡πÑ‡∏£‡πÄ‡∏î‡∏≠‡∏£‡πå', '#‡πÄ‡∏¢‡∏≤‡∏ß‡∏ä‡∏ô‡∏õ‡∏•‡∏î‡πÅ‡∏≠‡∏Å']"
9,2021-07-21 22:44:00,"‡∏ó‡∏µ‡∏°‡πÄ‡∏´‡∏•‡πà‡∏≤‡∏ó‡∏±‡∏û‡∏£‡∏≤‡∏©‡∏é‡∏£‡∏õ‡∏£‡∏∞‡∏Å‡∏≤‡∏®‡∏™‡∏ô‡∏±‡∏ö‡∏™‡∏ô‡∏∏‡∏ô‡∏Ç‡πâ‡∏≠‡πÄ‡∏£‡∏µ‡∏¢‡∏Å‡∏£‡πâ‡∏≠‡∏á‡∏ó‡∏±‡πâ‡∏á 3 ‡∏Ç‡πâ‡∏≠‡∏à‡∏≤‡∏Å 


1.‡∏õ‡∏£‡∏∞‡∏¢‡∏∏‡∏ó‡∏ò‡πå‡∏ï‡πâ‡∏≠‡∏á‡∏•‡∏≤‡∏≠‡∏≠‡∏Å‡πÇ‡∏î‡∏¢‡πÑ‡∏°‡πà‡∏°‡∏µ‡πÄ‡∏á‡∏∑‡πà‡∏≠‡∏ô‡πÑ‡∏Ç
2.‡∏õ‡∏£‡∏±‡∏ö‡∏•‡∏î‡∏á‡∏ö‡∏™‡∏ñ‡∏≤‡∏ö‡∏±‡∏ô-‡∏Å‡∏≠‡∏á‡∏ó‡∏±‡∏û‡∏™‡∏π‡πâ‡πÇ‡∏Ñ‡∏ß‡∏¥‡∏î
3.‡πÄ‡∏õ‡∏•‡∏µ‡πà‡∏¢‡∏ô‡∏ß‡∏±‡∏Ñ‡∏ã‡∏µ‡∏ô‡πÄ‡∏à‡πâ‡∏≤‡∏™‡∏±‡∏ß CP ‡πÄ‡∏õ‡πá‡∏ô mRNA


‡∏õ‡∏£‡∏∞‡∏ä‡∏≤‡∏ä‡∏ô‡∏à‡∏∞‡πÑ‡∏°‡πà‡∏£‡∏±‡∏ö‡∏Ñ‡∏≥‡∏Ç‡∏≠‡πÇ‡∏ó‡∏©‡∏à‡∏≤‡∏Å‡∏£‡∏±‡∏ê‡∏ö‡∏≤‡∏• ‡πÄ‡∏£‡∏≤‡∏à‡∏∞‡∏£‡∏±‡∏ö‡πÅ‡∏Ñ‡πà‡∏Ç‡πâ‡∏≠‡πÄ‡∏£‡∏µ‡∏¢‡∏Å‡∏£‡πâ‡∏≠‡∏á‡∏Ñ‡∏£‡∏ö‡∏ó‡∏±‡πâ‡∏á 3 ‡∏Ç‡πâ‡∏≠‡πÄ‡∏ó‡πà‡∏≤‡∏ô‡∏±‡πâ‡∏ô!


‡πÅ‡∏ñ‡∏•‡∏á‡∏Å‡∏≤‡∏£‡∏ì‡πå‡πÄ‡∏´‡∏•‡πà‡∏≤‡∏ó‡∏±‡∏û‡∏£‡∏≤‡∏©‡∏é‡∏£


‡∏ô‡∏µ‡πà‡∏Ñ‡∏∑‡∏≠‡∏™‡∏†‡∏≤‡∏ß‡∏∞‡∏ó‡∏µ‡πà‡∏õ‡∏£‡∏∞‡πÄ‡∏ó‡∏®‡∏Ç‡∏≠‡∏á‡πÄ‡∏£‡∏≤‡∏Å‡∏≥‡∏•‡∏±‡∏á‡πÄ‡∏Ç‡πâ‡∏≤‡∏™‡∏π‡πà‡∏™‡∏á‡∏Ñ‡∏£‡∏≤‡∏° 


‡∏™‡∏ô‡∏≤‡∏°‡∏£‡∏ö‡∏Ç‡∏≠‡∏á‡πÄ‡∏£‡∏≤‡πÑ‡∏°‡πà‡πÉ‡∏ä‡πà‡∏ä‡∏≤‡∏¢‡πÅ‡∏î‡∏ô ‡πÅ‡∏ï‡πà‡∏Ñ‡∏∑‡∏≠‡∏ó‡∏∏‡∏Å‡∏´‡∏¢‡πà‡∏≠‡∏°‡∏´‡∏ç‡πâ‡∏≤ ‡∏Å‡∏≥‡∏•‡∏±‡∏á‡∏û‡∏•‡∏î‡πà‡∏≤‡∏ô‡∏´‡∏ô‡πâ‡∏≤‡∏Ç‡∏≠‡∏á‡πÄ‡∏£‡∏≤‡πÑ‡∏°‡πà‡πÉ‡∏ä‡πà‡∏Å‡∏≠‡∏á‡∏ó‡∏±‡∏û ‡πÅ‡∏ï‡πà‡∏Ñ‡∏∑‡∏≠‡∏ö‡∏∏‡∏Ñ‡∏•‡∏≤‚Ä¶ See More
See More",https://www.facebook.com/FreeYOUTHth/posts/553833682732360,66,348,['#‡∏°‡πá‡∏≠‡∏ö18‡∏Å‡∏£‡∏Å‡∏é‡∏≤']
10,2021-07-20 19:13:00,"‡πÑ‡∏°‡πà‡∏Ñ‡∏ß‡∏£‡∏°‡∏µ‡πÉ‡∏Ñ‡∏£‡∏ñ‡∏π‡∏Å‡∏à‡∏±‡∏ö‡∏î‡πâ‡∏ß‡∏¢‡∏°.112‡πÅ‡∏°‡πâ‡πÅ‡∏ï‡πà‡∏Ñ‡∏ô‡πÄ‡∏î‡∏µ‡∏¢‡∏ß ‡∏Å‡∏≤‡∏£‡πÄ‡∏ú‡∏≤‡∏£‡∏π‡∏õ‡∏Å‡∏©‡∏±‡∏ï‡∏£‡∏¥‡∏¢‡πå‡πÑ‡∏°‡πà‡πÑ‡∏î‡πâ‡∏ó‡∏≥‡πÉ‡∏´‡πâ‡∏Å‡∏©‡∏±‡∏ï‡∏£‡∏¥‡∏¢‡πå‡∏™‡∏≥‡∏•‡∏±‡∏Å‡∏Ñ‡∏ß‡∏±‡∏ô‡πÑ‡∏ü‡πÅ‡∏ï‡πà‡∏≠‡∏¢‡πà‡∏≤‡∏á‡πÉ‡∏î ‡∏°‡∏µ‡πÅ‡∏ï‡πà‡∏°‡∏ß‡∏•‡∏ä‡∏ô‡∏ó‡∏µ‡πà‡∏™‡∏≥‡∏•‡∏±‡∏Å‡∏Ñ‡∏ß‡∏±‡∏ô‡∏õ‡∏∑‡∏ô‡∏Å‡∏£‡∏∞‡∏™‡∏∏‡∏ô‡∏¢‡∏≤‡∏á‡πÅ‡∏•‡∏∞‡πÅ‡∏Å‡πá‡∏™‡∏ô‡πâ‡∏≥‡∏ï‡∏≤!


‡∏ß‡∏≤‡∏ô‡∏ô‡∏µ‡πâ (19/07/64) ‡πÄ‡∏ß‡∏•‡∏≤ 21.50 ‡∏ô. ‡∏®‡∏π‡∏ô‡∏¢‡πå‡∏ó‡∏ô‡∏≤‡∏¢‡∏Ñ‡∏ß‡∏≤‡∏°‡πÄ‡∏û‡∏∑‡πà‡∏≠‡∏™‡∏¥‡∏ó‡∏ò‡∏¥‡∏°‡∏ô‡∏∏‡∏©‡∏¢‡∏ä‡∏ô‡∏£‡∏≤‡∏¢‡∏á‡∏≤‡∏ô‡∏ß‡πà‡∏≤ ‡πÑ‡∏£‡πÄ‡∏î‡∏≠‡∏£‡πå Food Panda ""‡∏ô‡∏≤‡∏¢‡∏™‡∏¥‡∏ó‡∏ò‡∏¥‡πÇ‡∏ä‡∏Ñ"" ‡∏≠‡∏≤‡∏¢‡∏∏ 25 ‡∏õ‡∏µ ‡πÑ‡∏î‡πâ‡∏ñ‡∏π‡∏Å‡πÄ‡∏à‡πâ‡∏≤‡∏´‡∏ô‡πâ‡∏≤‡∏ó‡∏µ‡πà‡∏ô‡∏≠‡∏Å‡πÄ‡∏Ñ‡∏£‡∏∑‡πà‡∏≠‡∏á‡πÅ‡∏ö‡∏ö‡∏Å‡∏ß‡πà‡∏≤ 10 ‡∏ô‡∏≤‡∏¢‡∏à‡∏±‡∏ö‡∏Å‡∏∏‡∏°‡∏ó‡∏µ‡πà‡∏ö‡πâ‡∏≤‡∏ô‡∏û‡∏±‡∏Å‡∏î‡πâ‡∏ß‡∏¢‡∏Ç‡πâ‡∏≠‡∏´‡∏≤‡∏°.112 ‡∏à‡∏≤‡∏Å‡∏Å‡∏≤‡∏£‡∏ß‡∏≤‡∏á‡πÄ‡∏û‡∏•‡∏¥‡∏á‡∏£‡∏π‡∏õ‡∏Å‡∏©‡∏±‡∏ï‡∏£‡∏¥‡∏¢‡πå‡πÉ‡∏ô‡∏°‡πá‡∏≠‡∏ö 18 ‡∏Å‡∏£‡∏Å‡∏é‡∏≤‡∏Ñ‡∏° 2564 ‡∏ã‡∏∂‡πà‡∏á‡πÄ‡∏õ‡πá‡∏ô‡∏Å‡∏≤‡∏£‡∏à‡∏±‡∏ö‡∏Å‡∏∏‡∏°‡∏¢‡∏≤‡∏°‡∏ß‡∏¥‡∏Å‡∏≤‡∏•‡πÅ‡∏•‡∏∞‡πÄ‡∏Å‡∏¥‡∏î‡∏Ç‡∏∂‡πâ‡∏ô‡πÉ‡∏ô‡∏£‡∏∞‡∏´‡∏ß‡πà‡∏≤‡∏á‡πÄ‡∏Ñ‡∏≠‡∏£‡πå‡∏ü‡∏¥‡∏• ‡∏ó‡πà‡∏≤‡∏°‡∏Å‡∏•‡∏≤‡∏á‡πÅ‡∏Æ‡∏ä‡πÅ‡∏ó‡πá‡∏Å 
 ‡πÅ‡∏•‡∏∞ 
 ‡∏ó‡∏µ‡πà‡∏£‡πâ‡∏≠‡∏ô‡∏£‡∏∞‡∏≠‡∏∏‡πÉ‡∏ô‡∏ó‡∏ß‡∏¥‡∏ï‡πÄ‡∏ï‡∏≠‡∏£‡πå


‡∏ó‡∏±‡πâ‡∏á‡∏ô‡∏µ‡πâ‡πÄ‡∏à‡πâ‡∏≤‡∏´‡∏ô‡πâ‡∏≤‡∏ó‡∏µ‡πà‡πÑ‡∏î‡πâ‡∏ô‡∏≥‡∏ï‡∏±‡∏ß‡∏ô‡∏≤‡∏¢‡∏™‡∏¥‡∏ó‡∏ò‡∏¥‡πÇ‡∏ä‡∏Ñ‡πÑ‡∏õ‡∏™‡∏ô.‡∏õ‡∏£‡∏∞‡∏ï‡∏π‡∏ô‡πâ‡∏≥‡∏à‡∏∏‡∏¨‡∏≤‡∏•‡∏á‡∏Å‡∏£‡∏ì‡πå ‡∏Å‡πà‡∏≠‡∏ô‡∏™‡πà‡∏á‡∏ï‡∏±‡∏ß‡πÑ‡∏õ‡∏¢‡∏±‡∏á‡∏™‡∏ô.‡∏ô‡∏≤‡∏á‡πÄ‡∏•‡∏¥‡πâ‡∏á ‡πÅ‡∏ï‡πà‡πÄ‡∏°‡∏∑‡πà‡∏≠‡πÄ‡∏ß‡∏•‡∏≤ 05.00 ‡∏ô. ‡πÑ‡∏î‡πâ‡∏°‡∏µ‡∏£‡∏≤‡∏¢‡∏á‡∏≤‡∏ô‡∏≠‡∏µ‡∏Å‡∏ß‡πà‡∏≤‡∏ô‡∏≤‡∏¢‡∏™‡∏¥‡∏ó‡∏ò‡∏¥‡πÇ‡∏ä‡∏Ñ‡∏ñ‡∏π‡∏Å‡∏Ñ‡∏ß‡∏ö‡∏Ñ‡∏∏‡∏°‡∏ï‡∏±‡∏ß‡πÑ‡∏õ‡∏ó‡∏µ‡πà‡∏™‡∏ô.‡∏´‡πâ‡∏ß‡∏¢‡∏Ç‡∏ß‡∏≤‡∏á‡πÅ‡∏ó‡∏ô


‡∏•‡πà‡∏≤‡∏™‡∏∏‡∏î‡∏ß‡∏±‡∏ô‡∏ô‡∏µ‡πâ ‡πÄ‡∏ß‡∏•‡∏≤ 17.00 ‡∏ô. ‡∏´‡∏•‡∏±‡∏á‡∏à‡∏≤‡∏Å‡∏Å‡∏≤‡∏£‡∏™‡∏≠‡∏ö‡∏™‡∏ß‡∏ô‡πÅ‡∏•‡∏∞‡πÄ‡∏à‡πâ‡∏≤‡∏´‡∏ô‡πâ‡∏≤‡∏ó‡∏µ‡πà‡πÑ‡∏î‡πâ‡∏¢‡∏∑‡πà‡∏ô‡∏Ñ‡∏≥‡∏Ç‡∏≠‡∏ù‡∏≤‡∏Å‡∏Ç‡∏±‡∏á ‡∏®‡∏≤‡∏•‡πÑ‡∏î‡πâ‡∏≠‡∏ô‡∏∏‡∏ç‡∏≤‡∏ï‡πÉ‡∏´‡πâ‡∏õ‡∏•‡πà‡∏≠‡∏¢‡∏ï‡∏±‡∏ß‡∏ä‡∏±‡πà‡∏ß‡∏Ñ‡∏£‡∏≤‡∏ß‡∏î‡πâ‡∏ß‡∏¢‡∏Å‡∏≤‡∏£‡∏ß‡∏≤‡∏á‡∏´‡∏•‡∏±‡∏Å‡∏ó‡∏£‡∏±‡∏û‡∏¢‡πå ‡∏à‡∏≥‡∏ô‡∏ß‡∏ô 100,000 ‡∏ö‡∏≤‡∏ó ‡∏à‡∏≤‡∏Å‡∏Å‡∏≠‡∏á‡∏ó‡∏∏‡∏ô‡∏£‡∏≤‡∏©‡∏é‡∏£‡∏õ‡∏£‡∏∞‡∏™‡∏á‡∏Ñ‡πå
__",https://www.facebook.com/FreeYOUTHth/posts/553119362803792,675,889,"['#‡πÅ‡∏ö‡∏ôfoodpanda', '#save‡∏™‡∏¥‡∏ó‡∏ò‡∏¥‡πÇ‡∏ä‡∏Ñ', '#‡∏°‡πá‡∏≠‡∏ö18‡∏Å‡∏£‡∏Å‡∏é‡∏≤', '#‡∏Å‡∏≠‡∏á‡∏ó‡∏∏‡∏ô‡∏£‡∏≤‡∏©‡∏é‡∏£‡∏õ‡∏£‡∏∞‡∏™‡∏á‡∏Ñ‡πå', '#‡πÄ‡∏¢‡∏≤‡∏ß‡∏ä‡∏ô‡∏õ‡∏•‡∏î‡πÅ‡∏≠‡∏Å']"
11,2021-07-19 21:55:00,"‡∏≠‡∏¢‡πà‡∏≤‡∏Å‡∏•‡∏±‡∏ß‡∏ó‡∏µ‡πà‡∏à‡∏∞‡πÄ‡∏•‡∏∑‡∏≠‡∏Å‡∏Ç‡πâ‡∏≤‡∏á‡∏õ‡∏£‡∏∞‡∏ä‡∏≤‡∏ä‡∏ô Do not be afraid, stand firm with the people.
__",https://www.facebook.com/FreeYOUTHth/posts/552583619524033,737,1 ‡∏´‡∏°‡∏∑‡πà‡∏ô,"['#‡πÄ‡∏¢‡∏≤‡∏ß‡∏ä‡∏ô‡∏õ‡∏•‡∏î‡πÅ‡∏≠‡∏Å', '#freeYOUTH']"
12,2021-07-19 20:51:00,"‡∏™‡∏ß‡∏°‡πÄ‡∏™‡∏∑‡πâ‡∏≠ ""‡∏û‡∏ß‡∏Å‡πÄ‡∏£‡∏≤‡∏Ñ‡∏∑‡∏≠‡∏Ñ‡∏ô 99%"" ‡∏£‡πà‡∏ß‡∏°‡∏ï‡πà‡∏≠‡∏™‡∏π‡πâ ‡πÅ‡∏™‡∏î‡∏á‡∏à‡∏∏‡∏î‡∏¢‡∏∑‡∏ô‡πÑ‡∏õ‡∏û‡∏£‡πâ‡∏≠‡∏°‡∏Å‡∏±‡∏ö‡πÄ‡∏£‡∏≤‡πÄ‡∏¢‡∏≤‡∏ß‡∏ä‡∏ô‡∏õ‡∏•‡∏î‡πÅ‡∏≠‡∏Å


‡∏õ‡∏£‡∏∞‡∏Å‡∏≤‡∏®‡πÉ‡∏´‡πâ‡∏£‡∏π‡πâ‡∏ß‡πà‡∏≤‡∏û‡∏ß‡∏Å‡πÄ‡∏£‡∏≤‡∏à‡∏∞‡πÑ‡∏°‡πà‡∏ó‡∏ô‡∏¢‡∏≠‡∏°‡πÉ‡∏´‡πâ‡∏û‡∏ß‡∏Å 1% ‡∏ä‡∏ô‡∏ä‡∏±‡πâ‡∏ô‡∏õ‡∏£‡∏™‡∏¥‡∏ï‡∏Å‡∏î‡∏Ç‡∏µ‡πà‡∏û‡∏ß‡∏Å‡πÄ‡∏£‡∏≤‡∏≠‡∏µ‡∏Å‡∏ï‡πà‡∏≠‡πÑ‡∏õ 


Fight Now! Order Now! üî•


‡∏™‡∏≤‡∏°‡∏≤‡∏£‡∏ñ‡∏™‡∏±‡πà‡∏á‡∏ã‡∏∑‡πâ‡∏≠‡∏™‡∏¥‡∏ô‡∏Ñ‡πâ‡∏≤‡∏£‡∏∞‡∏î‡∏°‡∏ó‡∏∏‡∏ô‡πÑ‡∏î‡πâ‡∏î‡πâ‡∏ß‡∏¢‡∏ï‡∏ô‡πÄ‡∏≠‡∏á‡∏ú‡πà‡∏≤‡∏ô 
LINE @freeyouth (‡∏°‡∏µ @‡∏Ç‡πâ‡∏≤‡∏á‡∏´‡∏ô‡πâ‡∏≤) ‡∏´‡∏£‡∏∑‡∏≠ ‡∏Ñ‡∏•‡∏¥‡∏Å https://liff.line.me/1572442362-jGxDDGRp/@freeyouth/
__",https://www.facebook.com/FreeYOUTHth/posts/552550216194040,135,99,['#‡πÄ‡∏¢‡∏≤‡∏ß‡∏ä‡∏ô‡∏õ‡∏•‡∏î‡πÅ‡∏≠‡∏Å']
13,2021-07-19 16:40:00,"[English is available.]
‡πÅ‡∏ñ‡∏•‡∏á‡∏Å‡∏≤‡∏£‡∏ì‡πå‡πÄ‡∏¢‡∏≤‡∏ß‡∏ä‡∏ô‡∏õ‡∏•‡∏î‡πÅ‡∏≠‡∏Å ‡∏Å‡∏£‡∏ì‡∏µ‡∏™‡∏•‡∏≤‡∏¢‡∏Å‡∏≤‡∏£‡∏ä‡∏∏‡∏°‡∏ô‡∏∏‡∏° 18 ‡∏Å‡∏£‡∏Å‡∏é‡∏≤‡∏Ñ‡∏° 2564 ‡πÅ‡∏•‡∏∞‡∏Ç‡πâ‡∏≠‡πÄ‡∏£‡∏µ‡∏¢‡∏Å‡∏£‡πâ‡∏≠‡∏á‡∏Ç‡∏≠‡∏á‡∏õ‡∏£‡∏∞‡∏ä‡∏≤‡∏ä‡∏ô


Free YOUTH Statement on state crackdown on the 18th July 2021 demonstration and people's demands.",https://www.facebook.com/FreeYOUTHth/posts/552427066206355,150,472,"['#‡∏°‡πá‡∏≠‡∏ö18‡∏Å‡∏£‡∏Å‡∏é‡∏≤', '#‡πÄ‡∏¢‡∏≤‡∏ß‡∏ä‡∏ô‡∏õ‡∏•‡∏î‡πÅ‡∏≠‡∏Å', '#whatishappeninginthailand', '#FreeYOUTH']"
14,2021-07-18 18:38:00,‡∏ö‡∏£‡∏£‡∏¢‡∏≤‡∏Å‡∏≤‡∏®‡∏ä‡πà‡∏ß‡∏á‡∏ó‡πâ‡∏≤‡∏¢‡∏Å‡πà‡∏≠‡∏ô‡∏¢‡∏∏‡∏ï‡∏¥ ‡∏°‡∏ß‡∏•‡∏ä‡∏ô‡∏£‡πà‡∏ß‡∏°‡∏Å‡∏±‡∏ô‡πÄ‡∏ú‡∏≤‡∏Å‡∏¥‡πÇ‡∏¢‡∏ï‡∏¥‡∏ô‡πÅ‡∏•‡∏∞‡∏´‡∏∏‡πà‡∏ô‡∏õ‡∏£‡∏™‡∏¥‡∏ï ‡∏û‡∏£‡πâ‡∏≠‡∏°‡∏ä‡∏π‡∏™‡∏≤‡∏°‡∏ô‡∏¥‡πâ‡∏ß‡πÇ‡∏ö‡∏Å‡∏ò‡∏á ‡πÅ‡∏•‡∏∞‡∏£‡πâ‡∏≠‡∏á‡πÄ‡∏û‡∏•‡∏á Do you hear the people sing?,https://www.facebook.com/FreeYOUTHth/posts/551788376270224,706,4.8 ‡∏û‡∏±‡∏ô,['#‡∏°‡πá‡∏≠‡∏ö18‡∏Å‡∏£‡∏Å‡∏é‡∏≤']
15,2021-07-18 18:28:00,18:30 ‡∏ô. ‡∏õ‡∏£‡∏∞‡∏Å‡∏≤‡∏®‡∏¢‡∏∏‡∏ï‡∏¥‡∏ä‡∏∏‡∏°‡∏ô‡∏∏‡∏°!,https://www.facebook.com/FreeYOUTHth/posts/551772389605156,2.2 ‡∏û‡∏±‡∏ô,3.5 ‡∏û‡∏±‡∏ô,['#‡∏°‡πá‡∏≠‡∏ö18‡∏Å‡∏£‡∏Å‡∏é‡∏≤']
16,2021-07-18 18:19:00,‡∏°‡∏ß‡∏•‡∏ä‡∏ô‡πÄ‡∏ú‡∏≤‡∏´‡∏∏‡πà‡∏ô‡∏õ‡∏£‡∏™‡∏¥‡∏ï‡πÅ‡∏•‡∏∞‡∏Å‡∏¥‡πÇ‡∏¢‡∏ï‡∏¥‡∏ô!,https://www.facebook.com/FreeYOUTHth/posts/551762699606125,431,3.1 ‡∏û‡∏±‡∏ô,['#‡∏°‡πá‡∏≠‡∏ö18‡∏Å‡∏£‡∏Å‡∏é‡∏≤']
17,2021-07-18 18:10:00,‡πÄ‡∏ß‡∏•‡∏≤ 18:10 ‡∏ô. ‡∏¢‡∏∑‡∏ô‡∏¢‡∏±‡∏ô‡∏™‡∏π‡πâ‡∏ï‡πà‡∏≠! ‡πÄ‡∏à‡∏≠‡∏Å‡∏±‡∏ô‡∏ó‡∏µ‡πà‡πÅ‡∏¢‡∏Å‡∏ô‡∏≤‡∏á‡πÄ‡∏•‡∏¥‡πâ‡∏á,https://www.facebook.com/FreeYOUTHth/posts/551751072940621,2.9 ‡∏û‡∏±‡∏ô,4 ‡∏û‡∏±‡∏ô,['#‡∏°‡πá‡∏≠‡∏ö18‡∏Å‡∏£‡∏Å‡∏é‡∏≤']
18,2021-07-18 17:05:00,"‡∏´‡∏≤‡∏Å‡∏ö‡∏≤‡∏î‡πÄ‡∏à‡πá‡∏ö‡∏´‡∏£‡∏∑‡∏≠‡∏ï‡πâ‡∏≠‡∏á‡∏Å‡∏≤‡∏£‡∏ô‡πâ‡∏≥‡πÄ‡∏Å‡∏•‡∏∑‡∏≠‡∏•‡πâ‡∏≤‡∏á‡∏´‡∏ô‡πâ‡∏≤ ‡∏ï‡∏≤‡∏°‡∏´‡∏≤ ""‡πÄ‡∏™‡∏∑‡πâ‡∏≠‡∏Å‡∏±‡πä‡∏Å‡πÄ‡∏Ç‡∏µ‡∏¢‡∏ß"" ‡∏û‡∏¥‡∏Å‡∏±‡∏î‡∏à‡∏∏‡∏î‡πÄ‡∏ã‡∏ü‡πÇ‡∏ã‡∏ô ‡∏õ‡∏±‡πä‡∏°‡∏ô‡πâ‡∏≥‡∏°‡∏±‡∏ô essohttps://www.google.com/.../data=!3m1!4b1!4m5!3m4!1s0x0...",https://www.facebook.com/FreeYOUTHth/posts/551645949617800,234,2.6 ‡∏û‡∏±‡∏ô,[]
19,2021-07-18 16:57:00,‡∏°‡∏µ‡πÄ‡∏™‡∏µ‡∏¢‡∏á‡∏î‡∏±‡∏á‡∏õ‡∏±‡∏á‡∏´‡∏•‡∏≤‡∏¢‡∏£‡∏∞‡∏•‡∏≠‡∏Å ‡∏û‡∏•‡∏∏‡∏Ñ‡∏ß‡∏±‡∏ô‡∏õ‡∏Å‡∏Ñ‡∏•‡∏∏‡∏°‡∏ó‡∏±‡πà‡∏ß‡∏ä‡∏°‡∏±‡∏¢ ‡∏°‡∏ß‡∏•‡∏ä‡∏ô‡∏ï‡πâ‡∏≠‡∏á‡∏´‡∏°‡∏≠‡∏ö‡∏•‡∏á‡∏´‡∏•‡∏ö‡πÅ‡∏Å‡πá‡∏™,https://www.facebook.com/FreeYOUTHth/posts/551620932953635,245,1.3 ‡∏û‡∏±‡∏ô,['#‡∏°‡πá‡∏≠‡∏ö18‡∏Å‡∏£‡∏Å‡∏é‡∏≤']
20,2021-07-18 16:48:00,‡∏Ñ‡∏•‡∏¥‡∏õ‡∏ö‡∏£‡∏¥‡πÄ‡∏ß‡∏ì‡∏™‡∏∞‡∏û‡∏≤‡∏ô‡∏ä‡∏°‡∏±‡∏¢‡∏°‡∏£‡∏∏‡πÄ‡∏ä‡∏ê ‡πÄ‡∏à‡πâ‡∏≤‡∏´‡∏ô‡πâ‡∏≤‡∏ó‡∏µ‡πà‡∏â‡∏µ‡∏î‡∏ô‡πâ‡∏≥‡πÅ‡∏£‡∏á‡∏î‡∏±‡∏ô‡∏™‡∏π‡∏á‡∏ú‡∏™‡∏°‡πÅ‡∏Å‡πá‡∏™‡∏ô‡πâ‡∏≥‡∏ï‡∏≤‡∏´‡∏•‡∏≤‡∏¢‡∏£‡∏∞‡∏•‡∏≠‡∏Å,https://www.facebook.com/FreeYOUTHth/posts/551592462956482,1.4 ‡∏û‡∏±‡∏ô,9.4 ‡∏û‡∏±‡∏ô,['#‡∏°‡πá‡∏≠‡∏ö18‡∏Å‡∏£‡∏Å‡∏é‡∏≤']
21,2021-07-18 16:35:00,"‡πÄ‡∏à‡πâ‡∏≤‡∏´‡∏ô‡πâ‡∏≤‡∏ó‡∏µ‡πà‡∏¢‡∏¥‡∏á‡∏Å‡∏£‡∏∞‡∏™‡∏∏‡∏ô‡∏¢‡∏≤‡∏á‡πÉ‡∏™‡πà‡∏ï‡∏≤‡∏°‡∏ß‡∏•‡∏ä‡∏ô
‡∏£‡∏±‡∏ê‡∏ö‡∏≤‡∏•‡∏Ü‡∏≤‡∏ï‡∏Å‡∏£!
‡∏£‡∏±‡∏ê‡∏ö‡∏≤‡∏•‡∏Ü‡∏≤‡∏ï‡∏Å‡∏£!
‡∏£‡∏±‡∏ê‡∏ö‡∏≤‡∏•‡∏Ü‡∏≤‡∏ï‡∏Å‡∏£!
‡∏£‡∏±‡∏ê‡∏ö‡∏≤‡∏•‡∏Ü‡∏≤‡∏ï‡∏Å‡∏£!
‡∏£‡∏±‡∏ê‡∏ö‡∏≤‡∏•‡∏Ü‡∏≤‡∏ï‡∏Å‡∏£!
‡∏£‡∏±‡∏ê‡∏ö‡∏≤‡∏•‡∏Ü‡∏≤‡∏ï‡∏Å‡∏£!",https://www.facebook.com/FreeYOUTHth/posts/551555299626865,1.7 ‡∏û‡∏±‡∏ô,2.4 ‡∏´‡∏°‡∏∑‡πà‡∏ô,['#‡∏°‡πá‡∏≠‡∏ö18‡∏Å‡∏£‡∏Å‡∏é‡∏≤']
22,2021-07-18 16:21:00,‡∏î‡πà‡∏ß‡∏ô!,https://www.facebook.com/FreeYOUTHth/posts/551512479631147,707,2.1 ‡∏û‡∏±‡∏ô,['#‡∏°‡πá‡∏≠‡∏ö18‡∏Å‡∏£‡∏Å‡∏é‡∏≤']
23,2021-07-18 15:59:00,‡∏°‡∏µ‡∏Å‡∏≤‡∏£‡∏¢‡∏¥‡∏á‡∏Å‡∏£‡∏∞‡∏™‡∏∏‡∏ô‡∏¢‡∏≤‡∏á‡πÉ‡∏ô‡πÅ‡∏ô‡∏ß‡∏´‡∏ô‡πâ‡∏≤ ‡∏™‡∏∑‡πà‡∏≠‡∏°‡∏ß‡∏•‡∏ä‡∏ô‡∏ö‡∏≤‡∏î‡πÄ‡∏à‡πá‡∏ö‡∏à‡∏≤‡∏Å‡∏Å‡∏£‡∏∞‡∏™‡∏∏‡∏ô‡∏¢‡∏≤‡∏á 1 ‡∏£‡∏≤‡∏¢ ‡πÄ‡∏à‡πâ‡∏≤‡∏´‡∏ô‡πâ‡∏≤‡∏ó‡∏µ‡πà‡πÉ‡∏ä‡πâ‡∏û‡∏•‡∏∏‡∏Ñ‡∏ß‡∏±‡∏ô ‡∏Ç‡∏ì‡∏∞‡∏°‡∏ß‡∏•‡∏ä‡∏ô‡∏£‡πà‡∏ß‡∏°‡πÉ‡∏à‡∏™‡πà‡∏á‡∏ô‡πâ‡∏≥‡πÄ‡∏õ‡∏•‡πà‡∏≤‡πÉ‡∏´‡πâ‡πÅ‡∏ô‡∏ß‡∏´‡∏ô‡πâ‡∏≤,https://www.facebook.com/FreeYOUTHth/posts/551418826307179,2.7 ‡∏û‡∏±‡∏ô,5.8 ‡∏´‡∏°‡∏∑‡πà‡∏ô,['#‡∏°‡πá‡∏≠‡∏ö18‡∏Å‡∏£‡∏Å‡∏é‡∏≤']
24,2021-07-18 15:51:00,"‡∏°‡∏µ‡∏Å‡∏≤‡∏£‡∏â‡∏µ‡∏î‡∏ô‡πâ‡∏≥! 
 ‡∏ó‡∏µ‡∏°‡πÅ‡∏û‡∏ó‡∏¢‡πå‡πÅ‡∏•‡∏∞‡∏û‡∏¢‡∏≤‡∏ö‡∏≤‡∏•‡∏≠‡∏≤‡∏™‡∏≤ DNA ‡∏≠‡∏¢‡∏π‡πà‡∏ó‡∏µ‡πà‡∏ô‡∏µ‡πà https://www.google.com/.../data=!4m2!3m1...",https://www.facebook.com/FreeYOUTHth/posts/551394229642972,71,616,['#‡∏°‡πá‡∏≠‡∏ö18‡∏Å‡∏£‡∏Å‡∏é‡∏≤']
25,2021-07-18 15:42:00,‡∏î‡πà‡∏ß‡∏ô! ‡πÄ‡∏à‡πâ‡∏≤‡∏´‡∏ô‡πâ‡∏≤‡∏ó‡∏µ‡πà‡∏â‡∏µ‡∏î‡∏ô‡πâ‡∏≥‡∏ú‡∏™‡∏°‡πÅ‡∏Å‡πá‡∏™‡∏ô‡πâ‡∏≥‡∏ï‡∏≤! ‡πÅ‡∏•‡∏∞‡πÄ‡∏ï‡∏£‡∏µ‡∏¢‡∏°‡∏â‡∏µ‡∏î‡∏ô‡πâ‡∏≥‡∏ú‡∏™‡∏°‡∏™‡∏µ!,https://www.facebook.com/FreeYOUTHth/posts/551361746312887,7.4 ‡∏û‡∏±‡∏ô,5.8 ‡∏´‡∏°‡∏∑‡πà‡∏ô,['#‡∏°‡πá‡∏≠‡∏ö18‡∏Å‡∏£‡∏Å‡∏é‡∏≤']
26,2021-07-18 15:18:00,‡πÄ‡∏Ñ‡∏•‡∏∑‡πà‡∏≠‡∏ô‡∏û‡∏•‡πÑ‡∏õ‡∏ó‡∏≥‡πÄ‡∏ô‡∏µ‡∏¢‡∏ö‡∏õ‡∏£‡∏™‡∏¥‡∏ï! 15:10 ‡∏ô.,https://www.facebook.com/FreeYOUTHth/posts/551315472984181,750,2 ‡∏û‡∏±‡∏ô,['#‡∏°‡πá‡∏≠‡∏ö18‡∏Å‡∏£‡∏Å‡∏é‡∏≤']
27,2021-07-18 15:14:00,‡πÄ‡∏ß‡∏•‡∏≤ 15:10 ‡πÄ‡∏Ñ‡∏•‡∏∑‡πà‡∏≠‡∏ô‡∏Ç‡∏ö‡∏ß‡∏ô‡πÅ‡∏•‡πâ‡∏ß,https://www.facebook.com/FreeYOUTHth/posts/551306759651719,225,728,['#‡∏°‡πá‡∏≠‡∏ö18‡∏Å‡∏£‡∏Å‡∏é‡∏≤']
28,2021-07-18 15:01:00,"LIVE ‡∏°‡∏ß‡∏•‡∏ä‡∏ô‡πÄ‡∏Ñ‡∏•‡∏∑‡πà‡∏≠‡∏ô‡∏û‡∏•‡∏à‡∏≤‡∏Å‡∏≠‡∏ô‡∏∏‡∏™‡∏≤‡∏ß‡∏£‡∏µ‡∏¢‡πå‡∏õ‡∏£‡∏∞‡∏ä‡∏≤‡∏ò‡∏¥‡∏õ‡πÑ‡∏ï‡∏¢‡πÑ‡∏õ‡∏ó‡∏≥‡πÄ‡∏ô‡∏µ‡∏¢‡∏ö 
 ‡∏ó‡∏ß‡∏á‡∏Ñ‡∏∑‡∏ô‡∏õ‡∏£‡∏∞‡πÄ‡∏ó‡∏®‡πÑ‡∏ó‡∏¢ ‡∏Ç‡∏±‡∏ö‡πÑ‡∏•‡πà‡∏õ‡∏£‡∏™‡∏¥‡∏ï",https://www.facebook.com/FreeYOUTHth/videos/2954314424838297/,5.6 ‡∏´‡∏°‡∏∑‡πà‡∏ô,4 ‡∏´‡∏°‡∏∑‡πà‡∏ô,"['#‡∏°‡πá‡∏≠‡∏ö18‡∏Å‡∏£‡∏Å‡∏é‡∏≤', '#‡πÄ‡∏¢‡∏≤‡∏ß‡∏ä‡∏ô‡∏õ‡∏•‡∏î‡πÅ‡∏≠‡∏Å']"
29,2021-07-18 14:42:00,‡∏õ‡∏±‡∏á‡πÜ ‡∏•‡∏±‡πà‡∏ô‡∏Å‡∏•‡∏≠‡∏á‡πÄ‡∏Ñ‡∏•‡∏∑‡πà‡∏≠‡∏ô‡∏û‡∏• ‡∏ù‡∏±‡πà‡∏á‡∏Ç‡∏ö‡∏ß‡∏ô‡πÄ‡∏î‡∏¥‡∏ô‡πÄ‡∏ó‡πâ‡∏≤ ‡∏°‡∏ß‡∏•‡∏ä‡∏ô‡∏°‡∏≤‡∏£‡πà‡∏ß‡∏°‡∏Ç‡∏ö‡∏ß‡∏ô‡πÄ‡∏û‡∏¥‡πà‡∏°‡πÄ‡∏£‡∏∑‡πà‡∏≠‡∏¢‡πÜ!,https://www.facebook.com/FreeYOUTHth/posts/551266196322442,655,1 ‡∏´‡∏°‡∏∑‡πà‡∏ô,['#18‡∏Å‡∏£‡∏Å‡∏é‡∏≤']
30,2021-07-18 14:36:00,‡πÅ‡∏á‡πâ‡∏ô‡πÜ ‡πÑ‡∏õ‡∏Å‡∏±‡∏ö‡∏û‡∏ß‡∏Å‡πÄ‡∏£‡∏≤ ‡∏ä‡πà‡∏ß‡∏á‡∏Ç‡∏ö‡∏ß‡∏ô‡∏£‡∏ñ ‡∏¢‡∏±‡∏á‡∏°‡∏µ‡∏£‡∏ñ‡∏°‡∏≤‡πÄ‡∏ï‡∏¥‡∏°‡πÄ‡∏õ‡πá‡∏ô‡∏à‡∏≥‡∏ô‡∏ß‡∏ô‡∏°‡∏≤‡∏Å!,https://www.facebook.com/FreeYOUTHth/posts/551260169656378,2.3 ‡∏û‡∏±‡∏ô,1.2 ‡∏´‡∏°‡∏∑‡πà‡∏ô,['#‡∏°‡πá‡∏≠‡∏ö18‡∏Å‡∏£‡∏Å‡∏é‡∏≤']
31,2021-07-18 14:02:00,"‡πÄ‡∏£‡∏¥‡πà‡∏°‡πÅ‡∏•‡πâ‡∏ß! 
 ‡∏ô‡∏±‡∏î‡∏£‡∏ß‡∏°‡∏û‡∏•‡∏à‡∏≤‡∏Å‡∏≠‡∏ô‡∏∏‡∏™‡∏≤‡∏ß‡∏£‡∏µ‡∏¢‡πå‡∏õ‡∏£‡∏∞‡∏ä‡∏≤‡∏ò‡∏¥‡∏õ‡πÑ‡∏ï‡∏¢ ‡πÄ‡∏Ñ‡∏•‡∏∑‡πà‡∏≠‡∏ô‡πÑ‡∏õ‡∏ó‡∏≥‡πÄ‡∏ô‡∏µ‡∏¢‡∏ö‡∏õ‡∏£‡∏™‡∏¥‡∏ï!


‡∏ó‡∏ß‡∏á‡∏Ñ‡∏∑‡∏ô‡∏õ‡∏£‡∏∞‡πÄ‡∏ó‡∏®‡πÑ‡∏ó‡∏¢ ‡∏Ç‡∏±‡∏ö‡πÑ‡∏•‡πà‡∏õ‡∏£‡∏™‡∏¥‡∏ï!",https://www.facebook.com/FreeYOUTHth/posts/551229312992797,1.4 ‡∏û‡∏±‡∏ô,6 ‡∏û‡∏±‡∏ô,['#‡∏°‡πá‡∏≠‡∏ö18‡∏Å‡∏£‡∏Å‡∏é‡∏≤']
32,2021-07-18 13:47:00,‡∏ö‡∏£‡∏£‡∏¢‡∏≤‡∏Å‡∏≤‡∏®‡∏Å‡∏≤‡∏£‡∏ä‡∏∏‡∏°‡∏ô‡∏∏‡∏° ‡πÄ‡∏ß‡∏•‡∏≤ 13:45,https://www.facebook.com/FreeYOUTHth/posts/551210432994685,171,4.1 ‡∏û‡∏±‡∏ô,"['#‡∏°‡πá‡∏≠‡∏ö18‡∏Å‡∏£‡∏Å‡∏é‡∏≤', '#‡∏£‡∏±‡∏ê‡∏ö‡∏≤‡∏•‡∏Ü‡∏≤‡∏ï‡∏Å‡∏£']"
33,2021-07-18 13:20:00,Clubhouse ‡∏°‡πá‡∏≠‡∏ö 18 ‡∏Å‡∏£‡∏Å‡∏é‡∏≤: ‡∏™‡∏∑‡πà‡∏≠‡∏™‡∏≤‡∏£‡πÅ‡∏•‡∏∞‡∏£‡∏≤‡∏¢‡∏á‡∏≤‡∏ô‡∏™‡∏ñ‡∏≤‡∏ô‡∏Å‡∏≤‡∏£‡∏ì‡πå ‡πÇ‡∏î‡∏¢‡∏û‡∏•‡πÄ‡∏°‡∏∑‡∏≠‡∏á‡∏ï‡∏∑‡πà‡∏ô‡∏£‡∏π‡πâ https://www.clubhouse.com/event/PAXzd157,https://www.facebook.com/FreeYOUTHth/posts/551177659664629,94,356,['#‡∏°‡πá‡∏≠‡∏ö18‡∏Å‡∏£‡∏Å‡∏é‡∏≤']
34,2021-07-18 12:55:00,‡∏ó‡∏ß‡∏á‡∏Ñ‡∏∑‡∏ô‡∏õ‡∏£‡∏∞‡πÄ‡∏ó‡∏®‡πÑ‡∏ó‡∏¢ ‡∏Ç‡∏±‡∏ö‡πÑ‡∏•‡πà‡∏õ‡∏£‡∏™‡∏¥‡∏ï,https://www.facebook.com/FreeYOUTHth/videos/2959127047698601/,1.3 ‡∏´‡∏°‡∏∑‡πà‡∏ô,1.9 ‡∏´‡∏°‡∏∑‡πà‡∏ô,['#‡∏°‡πá‡∏≠‡∏ö18‡∏Å‡∏£‡∏Å‡∏é‡∏≤']
35,2021-07-18 12:49:00,"‡∏ö‡∏£‡∏£‡∏¢‡∏≤‡∏Å‡∏≤‡∏® 
 ‡∏°‡∏µ‡∏´‡∏∏‡πà‡∏ô‡∏ô‡∏≤‡∏¢‡∏ó‡∏∏‡∏ô ‡∏´‡∏∏‡πà‡∏ô‡∏õ‡∏£‡∏∞‡∏¢‡∏∏‡∏ó‡∏ò‡πå ‡∏´‡∏∏‡πà‡∏ô‡∏®‡∏û ‡πÑ‡∏û‡πà‡∏Ñ‡∏¥‡∏á‡∏Å‡∏±‡∏ö‡∏ô‡πâ‡∏≠‡∏á‡∏´‡∏°‡∏≤‡∏ï‡∏π‡πà ‡∏ã‡∏∏‡πâ‡∏°‡∏û‡πà‡∏ô‡πÅ‡∏≠‡∏•‡∏Å‡∏≠‡∏Æ‡∏≠‡∏•‡πå ‡πÅ‡∏•‡∏∞‡πÄ‡∏ã‡πá‡∏ï‡∏õ‡πâ‡∏≠‡∏á‡∏Å‡∏±‡∏ô‡πÇ‡∏Ñ‡∏ß‡∏¥‡∏î (‡∏ñ‡∏∏‡∏á‡∏°‡∏∑‡∏≠ ‡∏´‡∏ô‡πâ‡∏≤‡∏Å‡∏≤‡∏Å ‡πÄ‡∏ü‡∏ã‡∏ä‡∏¥‡∏• ‡∏ä‡∏∏‡∏î‡∏Å‡∏±‡∏ô‡∏ù‡∏ô) ‡πÅ‡∏à‡∏Å‡∏à‡πà‡∏≤‡∏¢‡πÇ‡∏î‡∏¢‡∏ó‡∏µ‡∏°‡∏á‡∏≤‡∏ô",https://www.facebook.com/FreeYOUTHth/posts/551140149668380,508,7.6 ‡∏û‡∏±‡∏ô,['#‡∏°‡πá‡∏≠‡∏ö18‡∏Å‡∏£‡∏Å‡∏é‡∏≤']
36,2021-07-18 12:03:00,‡∏ô‡∏±‡∏ö‡∏ñ‡∏≠‡∏¢‡∏´‡∏•‡∏±‡∏á 2 ‡∏ä‡∏±‡πà‡∏ß‡πÇ‡∏°‡∏á! ‡πÅ‡∏•‡πâ‡∏ß‡πÄ‡∏à‡∏≠‡∏Å‡∏±‡∏ô,https://www.facebook.com/FreeYOUTHth/posts/551109663004762,774,987,['#‡∏°‡πá‡∏≠‡∏ö18‡∏Å‡∏£‡∏Å‡∏é‡∏≤']
37,2021-07-18 11:22:00,"‡∏£‡πà‡∏ß‡∏°‡∏•‡∏∏‡∏Å‡∏Ç‡∏∂‡πâ‡∏ô‡∏™‡∏π‡πâ! ‡∏ß‡∏±‡∏ô‡∏ô‡∏µ‡πâ‡πÄ‡∏à‡∏≠‡∏Å‡∏±‡∏ô‡∏ö‡πà‡∏≤‡∏¢‡∏™‡∏≠‡∏á ‡∏ó‡∏µ‡πà‡∏≠‡∏ô‡∏∏‡∏™‡∏≤‡∏ß‡∏£‡∏µ‡∏¢‡πå‡∏õ‡∏£‡∏∞‡∏ä‡∏≤‡∏ò‡∏¥‡∏õ‡πÑ‡∏ï‡∏¢ ‡πÄ‡∏Ñ‡∏•‡∏∑‡πà‡∏≠‡∏ô‡∏û‡∏•‡πÑ‡∏õ‡∏ó‡∏≥‡πÄ‡∏ô‡∏µ‡∏¢‡∏ö‡∏õ‡∏£‡∏™‡∏¥‡∏ï
___
 ‡∏ó‡∏ß‡∏á‡∏Ñ‡∏∑‡∏ô‡∏õ‡∏£‡∏∞‡πÄ‡∏ó‡∏®‡πÑ‡∏ó‡∏¢ ‡∏Ç‡∏±‡∏ö‡πÑ‡∏•‡πà‡∏õ‡∏£‡∏™‡∏¥‡∏ï",https://www.facebook.com/FreeYOUTHth/posts/551081723007556,423,1 ‡∏û‡∏±‡∏ô,['#‡∏°‡πá‡∏≠‡∏ö18‡∏Å‡∏£‡∏Å‡∏é‡∏≤']
38,2021-07-18 11:18:00,"‡∏£‡∏ñ‡∏à‡∏µ‡πÇ‡∏ô‡πà‡∏Å‡∏±‡∏ö‡∏ï‡∏π‡πâ‡∏Ñ‡∏≠‡∏ô‡πÄ‡∏ó‡∏ô‡πÄ‡∏ô‡∏≠‡∏£‡πå‡∏°‡∏≤‡πÄ‡∏£‡πá‡∏ß‡∏à‡∏±‡∏á‡∏Ñ‡πà‡∏∞ ‡πÄ‡∏ß‡∏•‡∏≤‡πÄ‡∏Å‡∏¥‡∏î‡πÄ‡∏´‡∏ï‡∏∏‡πÑ‡∏ü‡πÑ‡∏´‡∏°‡πâ ‡∏Ñ‡∏∏‡∏ì‡∏û‡∏µ‡πà‡∏£‡∏µ‡∏ö‡πÅ‡∏ö‡∏ö‡∏ô‡∏µ‡πâ‡∏°‡∏±‡πâ‡∏¢?


‡∏Ç‡∏≠‡∏ö‡∏Ñ‡∏∏‡∏ì‡∏†‡∏≤‡∏û‡∏à‡∏≤‡∏Å‡πÄ‡∏û‡∏à ‡∏Å‡∏∞‡πÄ‡∏ó‡∏¢‡πÅ‡∏°‡πà‡∏•‡∏π‡∏Å‡∏≠‡πà‡∏≠‡∏ô
___
 ‡∏ó‡∏ß‡∏á‡∏Ñ‡∏∑‡∏ô‡∏õ‡∏£‡∏∞‡πÄ‡∏ó‡∏®‡πÑ‡∏ó‡∏¢ ‡∏Ç‡∏±‡∏ö‡πÑ‡∏•‡πà‡∏õ‡∏£‡∏™‡∏¥‡∏ï",https://www.facebook.com/FreeYOUTHth/posts/551078529674542,1.7 ‡∏û‡∏±‡∏ô,1.3 ‡∏´‡∏°‡∏∑‡πà‡∏ô,['#‡∏°‡πá‡∏≠‡∏ö18‡∏Å‡∏£‡∏Å‡∏é‡∏≤']
39,2021-07-18 11:10:00,"‡∏Ñ‡∏∏‡∏ì‡∏õ‡∏¥‡∏¢‡∏£‡∏±‡∏ê‡πÑ‡∏î‡πâ‡∏£‡∏≤‡∏¢‡∏á‡∏≤‡∏ô‡∏ß‡πà‡∏≤‡∏°‡∏µ‡∏Å‡∏≤‡∏£‡∏ö‡∏∏‡∏Å‡∏à‡∏±‡∏ö‡πÄ‡∏à‡πâ‡∏≤‡∏Ç‡∏≠‡∏á‡∏´‡πâ‡∏≠‡∏á‡πÄ‡∏ä‡πà‡∏≤‡πÅ‡∏´‡πà‡∏á‡∏´‡∏ô‡∏∂‡πà‡∏á‡∏Å‡πà‡∏≠‡∏ô‡∏°‡πá‡∏≠‡∏ö! ‡πÅ‡∏•‡∏∞‡πÑ‡∏î‡πâ‡∏¢‡∏∂‡∏î‡∏Ç‡∏≠‡∏á‡∏ó‡∏≥‡∏°‡πá‡∏≠‡∏ö‡πÑ‡∏õ‡∏î‡πâ‡∏ß‡∏¢ ‡∏Ç‡∏ì‡∏∞‡∏ô‡∏µ‡πâ‡∏¢‡∏±‡∏á‡πÑ‡∏°‡πà‡∏™‡∏≤‡∏°‡∏≤‡∏£‡∏ñ‡∏ï‡∏¥‡∏î‡∏ï‡πà‡∏≠‡∏ú‡∏π‡πâ‡∏ñ‡∏π‡∏Å‡∏à‡∏±‡∏ö‡∏Å‡∏∏‡∏°‡πÑ‡∏î‡πâ


‡∏£‡∏µ‡∏ö‡∏à‡∏±‡∏ö‡∏ï‡∏±‡πâ‡∏á‡πÅ‡∏ï‡πà‡∏¢‡∏±‡∏á‡πÑ‡∏°‡πà‡∏°‡πá‡∏≠‡∏ö ‡∏à‡∏∞‡∏Å‡∏•‡∏±‡∏ß‡∏≠‡∏∞‡πÑ‡∏£‡∏ô‡∏±‡∏Å‡∏´‡∏ô‡∏≤!
____",https://www.facebook.com/FreeYOUTHth/posts/551073859675009,424,1.1 ‡∏û‡∏±‡∏ô,['#‡∏°‡πá‡∏≠‡∏ö18‡∏Å‡∏£‡∏Å‡∏é‡∏≤']
40,2021-07-18 09:08:00,"‡∏≠‡∏¥‡πà‡∏°‡∏≠‡∏£‡πà‡∏≠‡∏¢ ‡∏¢‡∏¥‡πâ‡∏°‡πÄ‡∏¢‡∏≤‡∏∞‡∏ö‡∏ô‡∏®‡∏û‡∏õ‡∏£‡∏∞‡∏ä‡∏≤‡∏ä‡∏ô‡∏î‡πâ‡∏ß‡∏¢‡∏†‡∏≤‡∏©‡∏µ‡∏õ‡∏£‡∏∞‡∏ä‡∏≤‡∏ä‡∏ô ‡∏û‡∏≠‡∏ó‡∏µ! ‡∏ó‡∏±‡πâ‡∏á‡πÑ‡∏ß‡∏£‡∏±‡∏™‡∏õ‡∏£‡∏™‡∏¥‡∏ï‡πÅ‡∏•‡∏∞‡πÑ‡∏ß‡∏£‡∏±‡∏™‡πÇ‡∏Ñ‡∏ß‡∏¥‡∏î-19 


‡∏£‡πà‡∏ß‡∏°‡∏•‡∏∏‡∏Å‡∏Ç‡∏∂‡πâ‡∏ô‡∏™‡∏π‡πâ! ‡∏ß‡∏±‡∏ô‡∏ô‡∏µ‡πâ‡πÄ‡∏à‡∏≠‡∏Å‡∏±‡∏ô‡∏ö‡πà‡∏≤‡∏¢‡∏™‡∏≠‡∏á ‡∏ó‡∏µ‡πà‡∏≠‡∏ô‡∏∏‡∏™‡∏≤‡∏ß‡∏£‡∏µ‡∏¢‡πå‡∏õ‡∏£‡∏∞‡∏ä‡∏≤‡∏ò‡∏¥‡∏õ‡πÑ‡∏ï‡∏¢ ‡πÄ‡∏Ñ‡∏•‡∏∑‡πà‡∏≠‡∏ô‡∏û‡∏•‡πÑ‡∏õ‡∏ó‡∏≥‡πÄ‡∏ô‡∏µ‡∏¢‡∏ö‡∏õ‡∏£‡∏™‡∏¥‡∏ï
___
 ‡∏ó‡∏ß‡∏á‡∏Ñ‡∏∑‡∏ô‡∏õ‡∏£‡∏∞‡πÄ‡∏ó‡∏®‡πÑ‡∏ó‡∏¢ ‡∏Ç‡∏±‡∏ö‡πÑ‡∏•‡πà‡∏õ‡∏£‡∏™‡∏¥‡∏ï",https://www.facebook.com/FreeYOUTHth/posts/551014639680931,1.1 ‡∏û‡∏±‡∏ô,1.2 ‡∏´‡∏°‡∏∑‡πà‡∏ô,['#‡∏°‡πá‡∏≠‡∏ö18‡∏Å‡∏£‡∏Å‡∏é‡∏≤']
41,2021-07-17 23:01:00,"‡πÄ‡∏Ñ‡∏£‡∏∑‡∏≠‡∏Ç‡πà‡∏≤‡∏¢‡πÅ‡∏£‡∏á‡∏á‡∏≤‡∏ô‡∏£‡πà‡∏ß‡∏°‡∏•‡∏∏‡∏Å‡∏Ç‡∏∂‡πâ‡∏ô‡∏™‡∏π‡πâ! 


‡∏ó‡∏´‡∏≤‡∏£ ‡∏õ‡∏£‡∏∞‡∏¢‡∏∏‡∏ó‡∏ò‡πå ‡∏à‡∏±‡∏ô‡∏ó‡∏£‡πå‡πÇ‡∏≠‡∏ä‡∏≤ Prayut Chan-o-cha
 ‡πÄ‡∏≠‡πã‡∏¢ ‡∏†‡∏≤‡∏©‡∏µ‡∏ö‡∏ô‡∏Å‡∏≠‡∏á‡πÄ‡∏•‡∏∑‡∏≠‡∏î‡∏õ‡∏£‡∏∞‡∏ä‡∏≤‡∏ä‡∏ô‡∏°‡∏±‡∏ô‡∏´‡∏≠‡∏°‡∏´‡∏ß‡∏≤‡∏ô‡πÄ‡∏Å‡∏¥‡∏ô‡∏Å‡∏ß‡πà‡∏≤‡∏à‡∏∞‡∏•‡∏á‡∏°‡∏≤‡∏´‡∏£‡∏∑‡∏≠‡πÑ‡∏°‡πà ‡∏ó‡∏´‡∏≤‡∏£‡∏õ‡∏£‡∏∞‡∏¢‡∏∏‡∏ó‡∏ò‡πå‡πÄ‡∏≠‡πã‡∏¢ ‡∏ó‡∏µ‡πà‡∏û‡∏•‡πÄ‡∏≠‡∏Å‡∏õ‡∏£‡∏∞‡∏¢‡∏∏‡∏ó‡∏ò‡πå‡πÅ‡∏•‡∏∞‡∏û‡∏ß‡∏Å‡∏≠‡πâ‡∏≤‡∏á‡∏ß‡πà‡∏≤‡∏£‡∏±‡∏Å‡∏ä‡∏≤‡∏ï‡∏¥‡πÅ‡∏•‡∏∞‡∏õ‡∏£‡∏∞‡∏ä‡∏≤‡∏ä‡∏ô‡∏ô‡∏±‡πâ‡∏ô ‡∏£‡∏±‡∏Å‡∏à‡∏£‡∏¥‡∏á‡∏´‡∏£‡∏∑‡∏≠‡πÑ‡∏°‡πà ‡∏´‡∏£‡∏∑‡∏≠‡πÄ‡∏û‡∏µ‡∏¢‡∏á‡∏£‡∏±‡∏Å‡πÉ‡∏ô‡∏†‡∏≤‡∏©‡∏µ‡πÅ‡∏•‡∏∞‡∏Å‡∏•‡∏¥‡πà‡∏ô‡∏Å‡∏£‡∏∞‡∏î‡∏≤‡∏©‡∏£‡∏≤‡∏Ñ‡∏≤‡πÅ‡∏û‡∏á‡∏ó‡∏µ‡πà‡∏Ç‡∏π‡∏î‡∏£‡∏µ‡∏î‡πÑ‡∏î‡πâ‡∏à‡∏≤‡∏Å‡∏õ‡∏£‡∏∞‡∏ä‡∏≤‡∏ä‡∏ô ?
---
‡∏´‡∏≤‡∏Å‡∏£‡∏±‡∏Å‡∏õ‡∏£‡∏∞‡∏ä‡∏≤‡∏ä‡∏ô‡∏à‡∏£‡∏¥‡∏á ‡πÇ‡∏õ‡∏£‡∏î‡∏¢‡∏∑‡∏î‡∏ï‡∏±‡∏ß‡∏ï‡∏£‡∏á! ‡∏≠‡∏∂‡πä‡∏ö! ‡πÅ‡∏•‡πâ‡∏ß‡πÄ‡∏î‡∏¥‡∏ô‡∏•‡∏á‡∏°‡∏≤‡∏ü‡∏±‡∏á‡πÄ‡∏™‡∏µ‡∏¢‡∏á‡∏õ‡∏£‡∏∞‡∏ä‡∏≤‡∏ä‡∏ô‡πÄ‡∏≠‡πã‡∏¢ ‡∏ó‡∏µ‡πà‡∏°‡πá‡∏≠‡∏ö‡πÉ‡∏ô‡∏ß‡∏±‡∏ô‡∏û‡∏£‡∏∏‡πà‡∏á‡∏ô‡∏µ‡πâ ‡∏≠‡∏≠‡∏Å‡∏°‡∏≤‡∏ü‡∏±‡∏á‡πÄ‡∏ñ‡∏¥‡∏î ‡∏ß‡πà‡∏≤‡∏õ‡∏£‡∏∞‡∏ä‡∏≤‡∏ä‡∏ô‡πÉ‡∏ô‡∏õ‡∏£‡∏∞‡πÄ‡∏ó‡∏®‡∏ô‡∏µ‡πâ ‡πÄ‡∏Ç‡∏≤‡πÑ‡∏°‡πà‡πÑ‡∏î‡πâ‡∏ï‡πâ‡∏≠‡∏á‡∏Å‡∏≤‡∏£‡∏ó‡∏´‡∏≤‡∏£‡∏°‡∏≤‡∏ö‡∏£‡∏¥‡∏´‡∏≤‡∏£‡∏ö‡πâ‡∏≤‡∏ô‡πÄ‡∏°‡∏∑‡∏≠‡∏á‡πÄ‡∏´‡∏°‡∏∑‡∏≠‡∏ô‡∏ö‡∏≤‡∏á‡∏Ñ‡∏ô‡∏ó‡∏µ‡πà‡πÄ‡∏ä‡∏¥‡∏ç‡∏ä‡∏ß‡∏ô‡πÅ‡∏•‡∏∞‡πÅ‡∏ï‡πà‡∏á‡∏ï‡∏±‡πâ‡∏á‡∏°‡∏∂‡∏á‡πÄ‡∏Ç‡πâ‡∏≤‡∏°‡∏≤ !
---
‡∏û‡∏µ‡πà‡∏ô‡πâ‡∏≠‡∏á‡∏õ‡∏£‡∏∞‡∏ä‡∏≤‡∏ä‡∏ô‡πÄ‡∏≠‡πã‡∏¢ ‡∏ô‡∏±‡∏î‡∏´‡∏°‡∏≤‡∏¢‡∏Ç‡∏≠‡∏á‡πÄ‡∏£‡∏≤‡πÑ‡∏î‡πâ‡πÄ‡∏Å‡∏¥‡∏î‡∏Ç‡∏∂‡πâ‡∏ô‡∏≠‡∏µ‡∏Å‡∏Ñ‡∏£‡∏±‡πâ‡∏á‡πÅ‡∏•‡πâ‡∏ß ‡πÇ‡∏î‡∏¢ ‡πÄ‡∏¢‡∏≤‡∏ß‡∏ä‡∏ô‡∏õ‡∏•‡∏î‡πÅ‡∏≠‡∏Å Ôºç Free YOUTH
 ‡∏ã‡∏∂‡πà‡∏á‡∏ô‡∏µ‡πà‡πÄ‡∏õ‡πá‡∏ô‡∏≠‡∏µ‡∏Å‡∏´‡∏ô‡∏∂‡πà‡∏á‡∏ô‡∏¥‡∏°‡∏¥‡∏ï‡∏´‡∏°‡∏≤‡∏¢‡πÅ‡∏•‡∏∞‡πÇ‡∏≠‡∏Å‡∏≤‡∏™‡∏≠‡∏±‡∏ô‡∏î‡∏µ‡πÅ‡∏•‡πâ‡∏ß‡∏ß‡πà‡∏≤ ""‡∏Å‡∏£‡∏£‡∏°‡∏Å‡∏£"" ‡πÅ‡∏•‡∏∞ ‡πÄ‡∏Ñ‡∏£‡∏∑‡∏≠‡∏Ç‡πà‡∏≤‡∏¢‡πÅ‡∏£‡∏á‡∏á‡∏≤‡∏ô‡πÄ‡∏û‡∏∑‡πà‡∏≠‡∏™‡∏¥‡∏ó‡∏ò‡∏¥‡∏õ‡∏£‡∏∞‡∏ä‡∏≤‡∏ä‡∏ô ‡∏à‡∏∞‡∏õ‡∏£‡∏∞‡∏Å‡∏≤‡∏®‡∏≠‡∏µ‡∏Å‡∏Ñ‡∏£‡∏±‡∏±‡πâ‡∏á‡∏ß‡πà‡∏≤ ‡∏û‡∏ß‡∏Å‡πÄ‡∏£‡∏≤‡∏à‡∏∞‡∏ï‡πà‡∏≠‡∏™‡∏π‡πâ‡πÄ‡∏Ñ‡∏µ‡∏¢‡∏á‡∏Ç‡πâ‡∏≤‡∏á‡∏ô‡∏±‡∏Å‡∏®‡∏∂‡∏Å‡∏©‡∏≤ ‡πÅ‡∏•‡∏∞‡∏Ç‡∏≠‡πÄ‡∏ä‡∏¥‡∏ç‡∏û‡∏µ‡πà‡∏ô‡πâ‡∏≠‡∏á‡∏õ‡∏£‡∏∞‡∏ä‡∏≤‡∏ä‡∏ô ‡∏≠‡∏≠‡∏Å‡∏°‡∏≤‡∏Ç‡∏±‡∏ö‡πÑ‡∏•‡πà 
 ‡∏£‡πà‡∏ß‡∏°‡∏Å‡∏±‡∏ô
---
‡∏û‡∏ö‡∏Å‡∏±‡∏ô 14 ‡∏ô‡∏≤‡∏¨‡∏¥‡∏Å‡∏≤ ‡∏ï‡∏£‡∏á! ‡∏û‡∏Å‡∏Ç‡∏≠‡∏á‡∏°‡∏≤‡πÉ‡∏´‡πâ‡∏û‡∏£‡πâ‡∏≠‡∏° ‡πÑ‡∏°‡πà‡∏ß‡πà‡∏≤‡∏à‡∏∞‡∏£‡πà‡∏° ‡πÄ‡∏™‡∏∑‡πâ‡∏≠‡∏Å‡∏±‡∏ô‡∏ú‡∏• ‡∏ô‡πâ‡∏≥‡πÄ‡∏õ‡∏•‡πà‡∏≤ ‡πÄ‡∏à‡∏•‡∏•‡πâ‡∏≤‡∏á‡∏°‡∏∑‡∏≠ ‡∏°‡∏∑‡∏≠‡∏ñ‡∏∑‡∏≠‡∏ó‡∏µ‡πà‡∏°‡∏µ‡πÅ‡∏ö‡∏ï‡πÄ‡∏ï‡∏≠‡∏£‡∏µ‡πà‡πÄ‡∏û‡∏µ‡∏¢‡∏á‡∏û‡∏≠ ‡∏´‡∏ô‡πâ‡∏≤‡∏Å‡∏≤‡∏Å‡∏≠‡∏ô‡∏≤‡∏°‡∏±‡∏¢ ‡πÅ‡∏•‡∏∞‡∏´‡∏¢‡∏¥‡∏ö‡πÅ‡∏£‡∏á‡πÅ‡∏Ñ‡πâ‡∏ô‡∏°‡∏≤‡πÉ‡∏´‡πâ‡∏°‡∏±‡πà‡∏ô ! ‡πÅ‡∏•‡πâ‡∏ß‡∏û‡∏ö‡∏Å‡∏±‡∏ô‡πÉ‡∏ô",https://www.facebook.com/FreeYOUTHth/posts/550759606373101,247,629,"['#‡∏°‡πá‡∏≠‡∏ö18‡∏Å‡∏£‡∏Å‡∏é‡∏≤', '#‡∏£‡∏±‡∏ê‡∏ö‡∏≤‡∏•‡∏Ü‡∏≤‡∏ï‡∏£‡∏Å‡∏£', '#‡∏°‡πá‡∏≠‡∏ö18‡∏Å‡∏£‡∏Å‡∏é‡∏≤', '#‡πÄ‡∏Ñ‡∏£‡∏∑‡∏≠‡∏Ç‡πà‡∏≤‡∏¢‡πÅ‡∏£‡∏á‡∏á‡∏≤‡∏ô‡πÄ‡∏û‡∏∑‡πà‡∏≠‡∏™‡∏¥‡∏ó‡∏ò‡∏¥‡∏õ‡∏£‡∏∞‡∏ä‡∏≤‡∏ä‡∏ô']"
42,2021-07-17 22:09:00,‡∏¢‡∏¥‡πà‡∏á‡∏à‡∏±‡∏ö‡πÄ‡∏£‡∏≤ ‡πÄ‡∏£‡∏≤‡∏à‡∏∞‡∏¢‡∏¥‡πà‡∏á‡∏≠‡∏≠‡∏Å‡∏°‡∏≤‡∏à‡∏ô‡πÄ‡∏ï‡πá‡∏°‡∏ñ‡∏ô‡∏ô ‡πÄ‡∏û‡∏£‡∏≤‡∏∞‡∏õ‡∏£‡∏∞‡πÄ‡∏ó‡∏®‡∏ô‡∏µ‡πâ‡πÄ‡∏õ‡πá‡∏ô‡∏Ç‡∏≠‡∏á‡πÄ‡∏£‡∏≤ ‡πÑ‡∏°‡πà‡πÉ‡∏ä‡πà‡∏Ç‡∏≠‡∏á‡∏û‡∏ß‡∏Å‡∏õ‡∏£‡∏™‡∏¥‡∏ï! ‡∏û‡∏ö‡∏Å‡∏±‡∏ô‡∏û‡∏£‡∏∏‡πà‡∏á‡∏ô‡∏µ‡πâ 14:00 ‡∏ó‡∏µ‡πà‡∏≠‡∏ô‡∏∏‡∏™‡∏≤‡∏ß‡∏£‡∏µ‡∏¢‡πå‡∏õ‡∏£‡∏∞‡∏ä‡∏≤‡∏ò‡∏¥‡∏õ‡πÑ‡∏ï‡∏¢ ‡πÄ‡∏û‡∏∑‡πà‡∏≠‡πÄ‡∏Ñ‡∏•‡∏∑‡πà‡∏≠‡∏ô‡∏û‡∏•‡πÑ‡∏õ‡∏ó‡∏≥‡πÄ‡∏ô‡∏µ‡∏¢‡∏ö‡∏õ‡∏£‡∏™‡∏¥‡∏ï!,https://www.facebook.com/FreeYOUTHth/posts/550727189709676,1 ‡∏û‡∏±‡∏ô,3.3 ‡∏û‡∏±‡∏ô,['#‡∏°‡πá‡∏≠‡∏ö18‡∏Å‡∏£‡∏Å‡∏é‡∏≤']
43,2021-07-17 21:15:00,"#‡∏°‡πá‡∏≠‡∏ö18‡∏Å‡∏£‡∏Å‡∏é‡∏≤ ‡∏°‡∏µ‡∏°‡∏≤‡∏ï‡∏£‡∏Å‡∏≤‡∏£‡∏Ñ‡∏ß‡∏≤‡∏°‡∏õ‡∏•‡∏≠‡∏î‡∏†‡∏±‡∏¢‡πÇ‡∏î‡∏¢‡∏°‡∏ß‡∏•‡∏ä‡∏ô‡∏≠‡∏≤‡∏™‡∏≤ (We Volunteer) ‡πÅ‡∏•‡∏∞‡∏™‡∏ï‡∏≤‡∏ü‡∏ú‡∏π‡πâ‡∏à‡∏±‡∏î
.
‡∏°‡∏≤‡∏ï‡∏£‡∏Å‡∏≤‡∏£‡∏Ñ‡∏ß‡∏≤‡∏°‡∏õ‡∏•‡∏≠‡∏î‡∏†‡∏±‡∏¢
- ‡∏≠‡∏≤‡∏ß‡∏∏‡∏ò‡πÇ‡∏î‡∏¢‡∏™‡∏†‡∏≤‡∏û ‡πÄ‡∏ä‡πà‡∏ô ‡∏õ‡∏∑‡∏ô ‡∏°‡∏µ‡∏î ‡∏£‡∏∞‡πÄ‡∏ö‡∏¥‡∏î ‡∏£‡∏∞‡πÄ‡∏ö‡∏¥‡∏î‡πÑ‡∏ü ‡∏≠‡∏≤‡∏ß‡∏∏‡∏ò‡∏ä‡∏µ‡∏ß‡∏†‡∏≤‡∏û ‡πÅ‡∏•‡∏∞‡∏ó‡∏µ‡πà‡πÑ‡∏°‡πà‡πÉ‡∏ä‡πà‡∏≠‡∏≤‡∏ß‡∏∏‡∏ò‡πÇ‡∏î‡∏¢‡∏™‡∏†‡∏≤‡∏û ‡πÅ‡∏ï‡πà‡∏°‡∏µ‡∏Å‡∏≤‡∏£‡∏î‡∏±‡∏î‡πÅ‡∏õ‡∏•‡∏á‡πÉ‡∏´‡πâ‡πÉ‡∏ä‡πâ‡∏à‡∏ô‡∏°‡∏µ‡∏Ñ‡∏ß‡∏≤‡∏°‡∏£‡∏∏‡∏ô‡πÅ‡∏£‡∏á ""‡∏ñ‡∏∂‡∏á‡πÅ‡∏Å‡πà‡∏ä‡∏µ‡∏ß‡∏¥‡∏ï"" ‡∏ñ‡πâ‡∏≤‡∏´‡∏≤‡∏Å‡∏û‡∏Å‡πÄ‡∏Ç‡πâ‡∏≤‡∏°‡∏≤‡πÉ‡∏ô‡∏ó‡∏µ‡πà‡∏ä‡∏∏‡∏°‡∏ô‡∏∏‡∏° ‡∏ó‡∏≤‡∏á‡∏ó‡∏µ‡∏°‡∏Ñ‡∏ß‡∏≤‡∏°‡∏õ‡∏•‡∏≠‡∏î‡∏†‡∏±‡∏¢‡∏à‡∏∞‡∏Ç‡∏≠‡∏Ñ‡∏ß‡∏≤‡∏°‡∏£‡πà‡∏ß‡∏°‡∏°‡∏∑‡∏≠‡∏Å‡∏±‡∏ô‡∏≠‡∏≠‡∏Å‡∏à‡∏≤‡∏Å‡∏û‡∏∑‡πâ‡∏ô‡∏ó‡∏µ‡πà‡∏ó‡∏µ‡πà‡∏≠‡∏≤‡∏à‡πÄ‡∏Å‡∏¥‡∏î‡∏≠‡∏±‡∏ô‡∏ï‡∏£‡∏≤‡∏¢
- ‡∏ó‡∏≤‡∏á‡∏ó‡∏µ‡∏°‡∏Ñ‡∏ß‡∏≤‡∏°‡∏õ‡∏•‡∏≠‡∏î‡∏†‡∏±‡∏¢‡πÑ‡∏î‡πâ‡∏°‡∏µ‡∏Å‡∏≤‡∏£‡πÄ‡∏ï‡∏£‡∏µ‡∏¢‡∏°‡∏ä‡∏∏‡∏î‡∏™‡∏±‡∏á‡πÄ‡∏Å‡∏ï‡∏Å‡∏≤‡∏£‡∏ì‡πå‡∏û‡∏£‡πâ‡∏≠‡∏°‡∏Å‡∏•‡πâ‡∏≠‡∏á‡πÇ‡∏Å‡∏£‡πÇ‡∏õ‡∏£ ‡∏°‡∏≤‡∏Å‡∏Å‡∏ß‡πà‡∏≤‡∏™‡∏¥‡∏ö‡∏ï‡∏±‡∏ß ‡πÄ‡∏û‡∏∑‡πà‡∏≠‡∏ö‡∏±‡∏ô‡∏ó‡∏∂‡∏Å‡πÄ‡∏´‡∏ï‡∏∏‡∏Å‡∏≤‡∏£‡∏ì‡πå‡πÉ‡∏ô‡∏û‡∏∑‡πâ‡∏ô‡∏ó‡∏µ‡πà‡∏™‡∏∏‡πà‡∏°‡πÄ‡∏™‡∏µ‡πà‡∏¢‡∏á ‡∏´‡∏£‡∏∑‡∏≠‡∏à‡∏∏‡∏î‡∏ó‡∏µ‡πà‡∏Ñ‡∏≤‡∏î‡∏ß‡πà‡∏≤‡∏à‡∏∞‡∏°‡∏µ‡∏ö‡∏∏‡∏Ñ‡∏Ñ‡∏•‡∏°‡∏≤‡∏™‡∏£‡πâ‡∏≤‡∏á‡∏™‡∏ñ‡∏≤‡∏ô‡∏Å‡∏≤‡∏£‡∏ì‡πå
- ‡∏Å‡∏£‡∏ì‡∏µ‡∏õ‡∏£‡∏∞‡∏Å‡∏≤‡∏®‡∏¢‡∏∏‡∏ï‡∏¥‡∏Å‡∏≤‡∏£‡∏ä‡∏∏‡∏°‡∏ô‡∏∏‡∏° ‡∏ó‡∏µ‡∏°‡∏Ñ‡∏ß‡∏≤‡∏°‡∏õ‡∏•‡∏≠‡∏î‡∏†‡∏±‡∏¢‡πÅ‡∏•‡∏∞‡∏™‡∏ï‡∏≤‡∏ü‡∏ú‡∏π‡πâ‡∏à‡∏±‡∏î ‡∏à‡∏∞‡∏ó‡∏≥‡∏´‡∏ô‡πâ‡∏≤‡∏ó‡∏µ‡πà‡πÉ‡∏ô‡∏Å‡∏≤‡∏£‡∏™‡πà‡∏á‡∏ó‡∏∏‡∏Å‡∏Ñ‡∏ô‡∏Å‡∏•‡∏±‡∏ö‡∏ö‡πâ‡∏≤‡∏ô‡πÇ‡∏î‡∏¢‡∏™‡∏ß‡∏±‡∏™‡∏î‡∏¥‡∏†‡∏≤‡∏û
.
‡∏Ç‡∏≠‡πÉ‡∏´‡πâ‡∏ú‡∏π‡πâ‡πÉ‡∏ä‡πâ‡∏£‡∏ñ‡∏ó‡∏µ‡πà‡∏°‡∏∏‡πà‡∏á‡∏´‡∏ô‡πâ‡∏≤‡∏à‡∏≤‡∏Å‡∏™‡∏∞‡∏û‡∏≤‡∏ô‡∏û‡∏£‡∏∞‡∏õ‡∏¥‡πà‡∏ô‡πÄ‡∏Å‡∏•‡πâ‡∏≤‡πÄ‡∏Ç‡πâ‡∏≤‡∏£‡∏≤‡∏ä‡∏î‡∏≥‡πÄ‡∏ô‡∏¥‡∏ô ‡πÇ‡∏õ‡∏£‡∏î‡∏£‡∏∞‡∏°‡∏±‡∏î‡∏£‡∏∞‡∏ß‡∏±‡∏á‡∏Å‡∏≤‡∏£‡πÉ‡∏ä‡πâ‡∏£‡∏ñ‡πÉ‡∏ä‡πâ‡∏ñ‡∏ô‡∏ô ‡πÄ‡∏ô‡∏∑‡πà‡∏≠‡∏á‡∏à‡∏≤‡∏Å‡∏Å‡∏≤‡∏£‡∏à‡∏£‡∏≤‡∏à‡∏£‡∏≠‡∏≤‡∏à‡∏à‡∏∞‡∏´‡∏ô‡∏≤‡πÅ‡∏ô‡πà‡∏ô ‡πÅ‡∏•‡∏∞‡∏≠‡∏≤‡∏à‡∏à‡∏∞‡πÄ‡∏Å‡∏¥‡∏î‡∏≠‡∏∏‡∏ö‡∏±‡∏ï‡∏¥‡πÄ‡∏´‡∏ï‡∏∏‡πÑ‡∏î‡πâ ‡πÄ‡∏£‡∏≤‡∏à‡∏∞‡∏°‡∏µ‡∏ó‡∏µ‡∏°‡∏à‡∏£‡∏≤‡∏à‡∏£‡∏≠‡∏≥‡∏ô‡∏ß‡∏¢‡∏Ñ‡∏ß‡∏≤‡∏°‡∏™‡∏∞‡∏î‡∏ß‡∏Å‡πÉ‡∏´‡πâ‡∏ï‡∏•‡∏≠‡∏î‡πÄ‡∏™‡πâ‡∏ô‡∏ó‡∏≤‡∏á‡πÄ‡∏î‡∏¥‡∏ô‡∏Ç‡∏ö‡∏ß‡∏ô
.
‡πÉ‡∏ô‡∏™‡πà‡∏ß‡∏ô‡∏Ç‡∏≠‡∏á‡∏ó‡∏µ‡∏°‡∏î‡∏π‡πÅ‡∏•‡∏Å‡∏¥‡∏à‡∏Å‡∏£‡∏£‡∏°‡∏´‡∏ô‡πâ‡∏≤‡∏á‡∏≤‡∏ô ‡∏ã‡∏∂‡πà‡∏á‡πÄ‡∏õ‡πá‡∏ô‡∏ó‡∏µ‡∏°‡∏†‡∏≤‡∏Ñ‡∏µ‡∏ó‡∏µ‡πà‡∏£‡πà‡∏ß‡∏°‡∏Å‡∏±‡∏ô‡∏à‡∏±‡∏î‡∏ó‡∏±‡πâ‡∏á‡∏´‡∏°‡∏î ‡∏´‡∏≤‡∏Å‡∏ï‡πâ‡∏≠‡∏á‡∏Å‡∏≤‡∏£‡∏Ñ‡∏ß‡∏≤‡∏°‡∏ä‡πà‡∏ß‡∏¢‡πÄ‡∏´‡∏•‡∏∑‡∏≠‡∏´‡∏£‡∏∑‡∏≠‡∏™‡∏≠‡∏ö‡∏ñ‡∏≤‡∏° ‡πÇ‡∏õ‡∏£‡∏î‡∏™‡∏±‡∏á‡πÄ‡∏Å‡∏ï‡∏™‡∏±‡∏ç‡∏•‡∏±‡∏Å‡∏©‡∏ì‡πå‡∏ó‡∏µ‡πà‡πÅ‡∏Ç‡∏ô‡∏ï‡∏≤‡∏°‡∏£‡∏π‡∏õ
.
‡πÅ‡∏•‡πâ‡∏ß‡∏û‡∏ö‡∏Å‡∏±‡∏ô 
 ‡πÄ‡∏ß‡∏•‡∏≤ 14.00 ‡∏ô. ‡∏ó‡∏µ‡πà‡∏≠‡∏ô‡∏∏‡∏™‡∏≤‡∏ß‡∏£‡∏µ‡∏¢‡πå‡∏õ‡∏£‡∏∞‡∏ä‡∏≤‡∏ò‡∏¥‡∏õ‡πÑ‡∏ï‡∏¢!


‡∏Ç‡∏≠‡∏ö‡∏Ñ‡∏∏‡∏ì‡∏£‡∏π‡∏õ‡∏à‡∏≤‡∏Å Sina Wittayawiroj¬Æ",https://www.facebook.com/FreeYOUTHth/posts/550697009712694,176,518,['#‡∏°‡πá‡∏≠‡∏ö18‡∏Å‡∏£‡∏Å‡∏é‡∏≤']
44,2021-07-17 20:37:00,"‡∏¢‡πâ‡∏≥‡∏≠‡∏µ‡∏Å‡∏£‡∏≠‡∏ö ‡∏°‡∏≤‡∏ï‡∏£‡∏Å‡∏≤‡∏£‡∏õ‡πâ‡∏≠‡∏á‡∏Å‡∏±‡∏ô‡πÇ‡∏Ñ‡∏ß‡∏¥‡∏î
‚Ä¢ ‡∏´‡∏ô‡πâ‡∏≤‡∏Å‡∏≤‡∏Å‡∏≠‡∏ô‡∏≤‡∏°‡∏±‡∏¢ ‡πÇ‡∏î‡∏¢‡πÄ‡∏â‡∏û‡∏≤‡∏∞‡∏õ‡∏£‡∏∞‡πÄ‡∏†‡∏ó KN 95
‚Ä¢ ‡∏ä‡∏∏‡∏î‡∏Å‡∏±‡∏ô‡∏ù‡∏ô ‡πÄ‡∏û‡∏∑‡πà‡∏≠‡∏õ‡πâ‡∏≠‡∏á‡∏Å‡∏±‡∏ô‡πÄ‡∏ä‡∏∑‡πâ‡∏≠‡πÅ‡∏•‡∏∞‡∏õ‡πâ‡∏≠‡∏á‡∏Å‡∏±‡∏ô‡∏ù‡∏ô
‚Ä¢ ‡πÅ‡∏≠‡∏•‡∏Å‡∏≠‡∏Æ‡∏≠‡∏•‡πå‡∏™‡∏≥‡∏´‡∏£‡∏±‡∏ö‡∏•‡πâ‡∏≤‡∏á‡∏°‡∏∑‡∏≠
‚Ä¢ ‡∏ñ‡∏∏‡∏á‡∏°‡∏∑‡∏≠‡∏¢‡∏≤‡∏á ‡πÄ‡∏û‡∏∑‡πà‡∏≠‡∏õ‡πâ‡∏≠‡∏á‡∏Å‡∏±‡∏ô‡∏Å‡∏≤‡∏£‡∏ï‡∏¥‡∏î‡πÄ‡∏ä‡∏∑‡πâ‡∏≠‡∏à‡∏≤‡∏Å‡∏Å‡∏≤‡∏£‡∏™‡∏±‡∏°‡∏ú‡∏±‡∏™
‚Ä¢ ‡∏≠‡∏∑‡πà‡∏ô‡πÜ ‡∏´‡∏°‡∏ß‡∏Å‡∏Ñ‡∏•‡∏∏‡∏° ‡πÄ‡∏ü‡∏ã‡∏ä‡∏¥‡∏•‡∏î‡πå


‡∏Ç‡∏≠‡∏Ñ‡∏ß‡∏≤‡∏°‡∏£‡πà‡∏ß‡∏°‡∏°‡∏∑‡∏≠‡∏ó‡∏∏‡∏Å‡∏Ñ‡∏ô ‡∏ä‡πà‡∏ß‡∏¢‡∏Å‡∏±‡∏ô‡∏õ‡∏è‡∏¥‡∏ö‡∏±‡∏ï‡∏¥‡∏ï‡∏≤‡∏°‡∏°‡∏≤‡∏ï‡∏£‡∏Å‡∏≤‡∏£‡∏õ‡πâ‡∏≠‡∏á‡∏Å‡∏±‡∏ô‡πÇ‡∏Ñ‡∏ß‡∏¥‡∏î 19 ‡∏≠‡∏¢‡πà‡∏≤‡∏á‡πÄ‡∏Ñ‡∏£‡πà‡∏á‡∏Ñ‡∏£‡∏±‡∏î ‡∏£‡∏±‡∏Å‡∏©‡∏≤‡∏£‡∏∞‡∏¢‡∏∞‡∏´‡πà‡∏≤‡∏á‡∏à‡∏≤‡∏Å‡∏ú‡∏π‡πâ‡∏≠‡∏∑‡πà‡∏ô‡∏≠‡∏¢‡πà‡∏≤‡∏á‡∏ô‡πâ‡∏≠‡∏¢ 1-2 ‡πÄ‡∏°‡∏ï‡∏£‡∏Ç‡∏ì‡∏∞‡∏ó‡∏≥‡∏Å‡∏¥‡∏à‡∏Å‡∏£‡∏£‡∏° ‡πÇ‡∏õ‡∏£‡∏î‡∏™‡∏ß‡∏°‡∏´‡∏ô‡πâ‡∏≤‡∏Å‡∏≤‡∏Å‡∏≠‡∏ô‡∏≤‡∏°‡∏±‡∏¢‡∏ï‡∏•‡∏≠‡∏î‡πÄ‡∏ß‡∏•‡∏≤ ‡πÅ‡∏•‡∏∞‡∏Ç‡∏≠‡∏Ñ‡∏ß‡∏≤‡∏°‡∏£‡πà‡∏ß‡∏°‡∏°‡∏∑‡∏≠‡πÑ‡∏°‡πà‡∏ñ‡∏≠‡∏î‡∏´‡∏ô‡πâ‡∏≤‡∏Å‡∏≤‡∏Å‡∏≠‡∏ô‡∏≤‡∏°‡∏±‡∏¢‡πÇ‡∏î‡∏¢‡πÄ‡∏î‡πá‡∏î‡∏Ç‡∏≤‡∏î


‡πÅ‡∏•‡πâ‡∏ß‡∏û‡∏ö‡∏Å‡∏±‡∏ô 18 ‡∏Å‡∏£‡∏Å‡∏é‡∏≤‡∏Ñ‡∏°‡∏ô‡∏µ‡πâ! 14:00 ‡∏ô. ‡∏û‡∏£‡πâ‡∏≠‡∏°‡∏Å‡∏±‡∏ô‡∏ó‡∏µ‡πà‡∏≠‡∏ô‡∏∏‡∏™‡∏≤‡∏ß‡∏£‡∏µ‡∏¢‡πå‡∏õ‡∏£‡∏∞‡∏ä‡∏≤‡∏ò‡∏¥‡∏õ‡πÑ‡∏ï‡∏¢‡∏°‡∏∏‡πà‡∏á‡πÑ‡∏õ‡∏ó‡∏≥‡πÄ‡∏ô‡∏µ‡∏¢‡∏ö‡∏õ‡∏£‡∏™‡∏¥‡∏ï!
___
‡∏Ç‡∏≠‡∏ö‡∏Ñ‡∏∏‡∏ì‡∏£‡∏π‡∏õ‡∏à‡∏≤‡∏Å Sina Wittayawiroj¬Æ",https://www.facebook.com/FreeYOUTHth/posts/550676183048110,107,365,['#‡∏°‡πá‡∏≠‡∏ö18‡∏Å‡∏£‡∏Å‡∏é‡∏≤']
45,2021-07-17 20:10:00,"‡∏ä‡πà‡∏≠‡∏á‡∏ó‡∏≤‡∏á‡∏Å‡∏≤‡∏£‡∏ï‡∏¥‡∏î‡∏ï‡∏≤‡∏°‡∏Ç‡πà‡∏≤‡∏ß‡∏™‡∏≤‡∏£ 
 ‡∏£‡∏±‡∏ö‡∏£‡∏π‡πâ‡∏ó‡∏±‡πà‡∏ß‡∏ñ‡∏∂‡∏á‡∏ó‡∏∏‡∏Å‡∏ä‡πà‡∏≠‡∏á‡∏ó‡∏≤‡∏á ‡∏î‡∏±‡∏á‡∏ô‡∏µ‡πâ


FB: https://m.facebook.com/FreeYOUTHth/


Twitter: https://mobile.twitter.com/FreeYOUTHth


IG: https://instagram.com/freeyouth.ig


Telegram: https://t.me/joinchat/AAAAAFiQZmU7KoN8E8S59g


Clubhouse ‡πÄ‡∏õ‡∏¥‡∏î‡∏´‡πâ‡∏≠‡∏á 13:00: https://www.clubhouse.com/event/PAXzd157",https://www.facebook.com/FreeYOUTHth/posts/550660833049645,54,256,['#‡∏°‡πá‡∏≠‡∏ö18‡∏Å‡∏£‡∏Å‡∏é‡∏≤']
46,2021-07-17 18:53:00,"‡∏£‡∏±‡∏ê‡∏ö‡∏≤‡∏•‡∏ó‡∏µ‡πà‡∏™‡∏ô‡πÉ‡∏à‡πÅ‡∏ï‡πà‡∏à‡∏∞‡∏™‡∏£‡πâ‡∏≤‡∏á‡∏ú‡∏•‡∏Å‡∏≥‡πÑ‡∏£‡πÉ‡∏´‡πâ‡∏ô‡∏≤‡∏¢‡∏ó‡∏∏‡∏ô ‡∏™‡∏±‡πà‡∏á‡∏ã‡∏∑‡πâ‡∏≠‡∏ß‡∏±‡∏Ñ‡∏ã‡∏µ‡∏ô Sinovac ‡∏ó‡∏µ‡πà‡πÅ‡∏û‡∏á‡πÅ‡∏•‡∏∞‡∏´‡πà‡∏ß‡∏¢‡∏ó‡∏µ‡πà‡∏™‡∏∏‡∏î‡πÉ‡∏ô‡∏ï‡∏•‡∏≤‡∏î‡∏°‡∏≤‡πÉ‡∏´‡πâ‡∏õ‡∏£‡∏∞‡∏ä‡∏≤‡∏ä‡∏ô‡πÉ‡∏ä‡πâ ‡πÄ‡∏û‡∏µ‡∏¢‡∏á‡πÄ‡∏û‡∏£‡∏≤‡∏∞‡∏ß‡πà‡∏≤‡πÄ‡∏à‡πâ‡∏≤‡∏™‡∏±‡∏ß CP ‡∏°‡∏µ‡∏™‡πà‡∏ß‡∏ô‡πÑ‡∏î‡πâ‡πÄ‡∏™‡∏µ‡∏¢‡∏Å‡∏±‡∏ö‡∏ö‡∏£‡∏¥‡∏©‡∏±‡∏ó‡∏ú‡∏•‡∏¥‡∏ï‡∏ß‡∏±‡∏Ñ‡∏ã‡∏µ‡∏ô Sinovac


‡∏Å‡∏≤‡∏£‡πÄ‡∏õ‡∏•‡∏µ‡πà‡∏¢‡∏ô‡∏à‡∏≤‡∏Å‡∏ß‡∏±‡∏Ñ‡∏ã‡∏µ‡∏ô‡πÄ‡∏à‡πâ‡∏≤‡∏™‡∏±‡∏ß CP ‡πÄ‡∏õ‡πá‡∏ô‡∏ß‡∏±‡∏Ñ‡∏ã‡∏µ‡∏ô mRNA ‡πÉ‡∏ô‡∏£‡∏∞‡∏î‡∏±‡∏ö‡∏´‡∏ô‡∏∂‡πà‡∏á‡∏à‡∏∂‡∏á‡πÑ‡∏°‡πà‡∏Ñ‡∏ß‡∏£‡πÄ‡∏õ‡πá‡∏ô‡∏Ç‡πâ‡∏≠‡πÄ‡∏£‡∏µ‡∏¢‡∏Å‡∏£‡πâ‡∏≠‡∏á ‡πÅ‡∏ï‡πà‡∏ñ‡∏∑‡∏≠‡πÄ‡∏õ‡πá‡∏ô‡∏Ñ‡∏≥‡∏™‡∏±‡πà‡∏á‡∏à‡∏≤‡∏Å‡∏õ‡∏£‡∏∞‡∏ä‡∏≤‡∏ä‡∏ô‡∏ú‡∏π‡πâ‡∏ó‡∏£‡∏á‡∏≠‡∏≥‡∏ô‡∏≤‡∏à‡∏™‡∏π‡∏á‡∏™‡∏∏‡∏î‡πÉ‡∏ô‡∏õ‡∏£‡∏∞‡πÄ‡∏ó‡∏®


‡∏£‡∏±‡∏ê‡∏ö‡∏≤‡∏•‡∏ó‡∏µ‡πà‡∏ö‡∏£‡∏¥‡∏´‡∏≤‡∏£‡∏õ‡∏£‡∏∞‡πÄ‡∏ó‡∏®‡πÉ‡∏ô‡∏ä‡πà‡∏ß‡∏á‡∏ß‡∏¥‡∏Å‡∏§‡∏ï‡∏Ñ‡∏£‡∏±‡πâ‡∏á‡πÉ‡∏´‡∏ç‡πà‡πÇ‡∏î‡∏¢‡∏ñ‡∏∑‡∏≠‡∏õ‡∏£‡∏∞‡πÇ‡∏¢‡∏ä‡∏ô‡πå‡∏Ç‡∏≠‡∏á‡∏ô‡∏≤‡∏¢‡∏ó‡∏∏‡∏ô ‡∏Ç‡∏∏‡∏ô‡∏®‡∏∂‡∏Å ‡∏®‡∏±‡∏Å‡∏î‡∏¥‡∏ô‡∏≤ ‡∏¢‡πà‡∏≠‡∏°‡∏ô‡∏≥‡∏°‡∏≤‡∏ã‡∏∂‡πà‡∏á‡∏Ñ‡∏ß‡∏≤‡∏°‡∏û‡∏±‡∏á‡∏û‡∏¥‡∏ô‡∏≤‡∏®‡∏Ç‡∏≠‡∏á‡∏õ‡∏£‡∏∞‡∏ä‡∏≤‡∏ä‡∏ô ‡∏à‡∏∞‡∏û‡∏±‡∏á‡∏ä‡πâ‡∏≤‡∏´‡∏£‡∏∑‡∏≠‡πÄ‡∏£‡πá‡∏ß‡∏Ç‡∏∂‡πâ‡∏ô‡∏≠‡∏¢‡∏π‡πà‡∏Å‡∏±‡∏ö‡πÄ‡∏ß‡∏•‡∏≤ ‡πÅ‡∏ï‡πà‡∏ï‡∏≠‡∏ô‡∏à‡∏ö‡∏ö‡∏ó‡∏™‡∏∏‡∏î‡∏ó‡πâ‡∏≤‡∏¢‡∏≠‡∏¢‡πà‡∏≤‡∏á‡πÑ‡∏£‡∏Å‡πá‡∏ï‡πâ‡∏≠‡∏á‡∏û‡∏±‡∏á‡∏û‡∏¥‡∏ô‡∏≤‡∏®‡∏≠‡∏¢‡πà‡∏≤‡∏á‡πÅ‡∏ô‡πà‡∏ô‡∏≠‡∏ô


‡∏ï‡∏≠‡∏ô‡∏¢‡∏≠‡∏î‡∏ú‡∏π‡πâ‡∏õ‡πà‡∏ß‡∏¢‡∏´‡∏•‡∏±‡∏Å 10 ‡πÄ‡∏£‡∏≤‡∏Å‡πá‡∏£‡∏π‡πâ‡∏ß‡πà‡∏≤‡∏Å‡∏≤‡∏£‡∏ö‡∏£‡∏¥‡∏´‡∏≤‡∏£‡∏£‡∏≤‡∏ä‡∏Å‡∏≤‡∏£‡πÅ‡∏ú‡πà‡∏ô‡∏î‡∏¥‡∏ô‡πÇ‡∏î‡∏¢‡∏ñ‡∏∑‡∏≠‡∏õ‡∏£‡∏∞‡πÇ‡∏¢‡∏ä‡∏ô‡πå‡∏Ç‡∏≠‡∏á‡∏ô‡∏≤‡∏¢‡∏ó‡∏∏‡∏ô ‡∏Ç‡∏∏‡∏ô‡∏®‡∏∂‡∏Å ‡∏®‡∏±‡∏Å‡∏î‡∏¥‡∏ô‡∏≤ ‡πÄ‡∏õ‡πá‡∏ô‡∏ó‡∏µ‡πà‡∏ï‡∏±‡πâ‡∏á‡∏à‡∏≤‡∏Å‡∏´‡∏•‡∏±‡∏Å 10 ‡∏à‡∏∞‡∏Å‡∏•‡∏≤‡∏¢‡πÄ‡∏õ‡πá‡∏ô‡∏´‡∏•‡∏±‡∏Å 100 ‡πÅ‡∏ï‡πà‡πÄ‡∏£‡∏≤‡∏Å‡πá‡∏õ‡∏•‡πà‡∏≠‡∏¢‡∏ú‡πà‡∏≤‡∏ô‡πÑ‡∏õ


‡∏û‡∏≠‡∏¢‡∏≠‡∏î‡∏ú‡∏π‡πâ‡∏õ‡πà‡∏ß‡∏¢‡∏ñ‡∏∂‡∏á‡∏´‡∏•‡∏±‡∏Å 100 ‡πÄ‡∏£‡∏≤‡∏Å‡πá‡∏£‡∏π‡πâ‡∏Å‡∏±‡∏ô‡∏î‡∏µ‡∏ß‡πà‡∏≤‡∏´‡∏≤‡∏Å‡∏õ‡∏•‡πà‡∏≠‡∏¢‡πÉ‡∏´‡πâ‡∏ö‡∏£‡∏¥‡∏´‡∏≤‡∏£‡∏£‡∏≤‡∏ä‡∏Å‡∏≤‡∏£‡πÅ‡∏ú‡πà‡∏ô‡∏î‡∏¥‡∏ô‡πÇ‡∏î‡∏¢‡πÑ‡∏°‡πà‡∏™‡∏ô‡πÉ‡∏à‡∏ä‡∏µ‡∏ß‡∏¥‡∏ï‡∏Ç‡∏≠‡∏á‡∏õ‡∏£‡∏∞‡∏ä‡∏≤‡∏ä‡∏ô‡πÅ‡∏ö‡∏ö‡∏ô‡∏µ‡πâ‡∏ï‡πà‡∏≠‡πÑ‡∏õ ‡∏à‡∏≤‡∏Å‡∏´‡∏•‡∏±‡∏Å 100 ‡∏Å‡πá‡∏ï‡πâ‡∏≠‡∏á‡∏Å‡∏•‡∏≤‡∏¢‡πÄ‡∏õ‡πá‡∏ô‡∏´‡∏•‡∏±‡∏Å 1,000 ‡πÉ‡∏ô‡∏≠‡∏µ‡∏Å‡πÑ‡∏°‡πà‡∏ä‡πâ‡∏≤ 


‡∏ß‡∏±‡∏ô‡∏ó‡∏µ‡πà‡∏¢‡∏≠‡∏î‡πÅ‡∏ï‡∏∞‡∏´‡∏•‡∏±‡∏Å 1,000 ‡πÄ‡∏£‡∏≤‡∏£‡∏π‡πâ‡∏Å‡∏±‡∏ô‡∏î‡∏µ‡∏ß‡πà‡∏≤‡∏´‡∏≤‡∏Å‡∏¢‡∏±‡∏á‡∏≠‡∏¢‡∏π‡πà‡πÉ‡∏ô‡∏£‡∏±‡∏ê‡∏ö‡∏≤‡∏•‡∏Ç‡∏≠‡∏á‡∏û‡∏£‡∏∞‡∏ö‡∏≤‡∏ó‡∏™‡∏°‡πÄ‡∏î‡πá‡∏à‡∏û‡∏£‡∏∞‡πÄ‡∏à‡πâ‡∏≤‡∏≠‡∏¢‡∏π‡πà‡∏´‡∏±‡∏ß‡πÅ‡∏ö‡∏ö‡∏ô‡∏µ‡πâ ‡∏à‡∏≤‡∏Å‡∏´‡∏•‡∏±‡∏Å 1,000 ‡∏à‡∏∞‡∏´‡∏•‡∏≤‡∏¢‡πÄ‡∏õ‡πá‡∏ô‡∏´‡∏•‡∏±‡∏Å 10,000 ‡πÅ‡∏ï‡πà‡πÄ‡∏£‡∏≤‡∏Å‡πá‡∏¢‡∏±‡∏á‡πÉ‡∏´‡πâ‡πÇ‡∏≠‡∏Å‡∏≤‡∏™ ‡∏°‡∏≠‡∏á‡πÇ‡∏•‡∏Å‡πÉ‡∏ô‡πÅ‡∏á‡πà‡∏î‡∏µ‡∏ß‡πà‡∏≤‡∏õ‡∏≤‡∏è‡∏¥‡∏´‡∏≤‡∏£‡∏¥‡∏¢‡πå (‡πÑ‡∏°‡πà‡πÉ‡∏ä‡πà‡∏£‡∏±‡∏ê‡∏ö‡∏≤‡∏•) ‡∏à‡∏∞‡∏ä‡πà‡∏ß‡∏¢‡πÉ‡∏´‡πâ‡πÄ‡∏£‡∏≤‡∏ú‡πà‡∏≤‡∏ô‡∏û‡πâ‡∏ô‡∏ß‡∏¥‡∏Å‡∏§‡∏ï‡∏Ñ‡∏£‡∏±‡πâ‡∏á‡∏ô‡∏µ‡πâ‡πÑ‡∏õ‡πÑ‡∏î‡πâ


‡∏°‡∏≤‡∏ñ‡∏∂‡∏á‡∏ß‡∏±‡∏ô‡∏ô‡∏µ‡πâ‡∏¢‡∏≠‡∏î‡πÅ‡∏ï‡∏∞‡∏´‡∏•‡∏±‡∏Å‡∏´‡∏°‡∏∑‡πà‡∏ô‡πÅ‡∏•‡πâ‡∏ß ‡∏´‡∏≤‡∏Å‡πÑ‡∏°‡πà‡∏•‡∏∏‡∏Å‡∏Ç‡∏∂‡πâ‡∏ô‡∏°‡∏≤‡∏ó‡∏≥‡∏≠‡∏∞‡πÑ‡∏£‡∏™‡∏±‡∏Å‡∏≠‡∏¢‡πà‡∏≤‡∏á ‡πÄ‡∏£‡∏≤‡∏Ñ‡∏á‡πÄ‡∏´‡πá‡∏ô‡∏à‡∏≥‡∏ô‡∏ß‡∏ô‡∏¢‡∏≠‡∏î‡∏ú‡∏π‡πâ‡∏õ‡πà‡∏ß‡∏¢‡πÄ‡∏õ‡πá‡∏ô‡πÅ‡∏™‡∏ô‡∏≠‡∏¢‡πà‡∏≤‡∏á‡πÅ‡∏ô‡πà‡∏ô‡∏≠‡∏ô


‡∏≠‡∏¢‡πà‡∏≤‡∏õ‡∏•‡πà‡∏≠‡∏¢‡∏≠‡∏ô‡∏≤‡∏Ñ‡∏ï‡∏Ç‡∏≠‡∏á‡∏õ‡∏£‡∏∞‡πÄ‡∏ó‡∏®‡πÑ‡∏ó‡∏¢‡πÑ‡∏ß‡πâ‡πÉ‡∏ô‡∏°‡∏∑‡∏≠‡∏õ‡∏£‡∏™‡∏¥‡∏ï
‡∏≠‡∏¢‡πà‡∏≤‡∏õ‡∏•‡πà‡∏≠‡∏¢‡∏≠‡∏ô‡∏≤‡∏Ñ‡∏ï‡∏Ç‡∏≠‡∏á‡∏õ‡∏£‡∏∞‡πÄ‡∏ó‡∏®‡πÑ‡∏ó‡∏¢‡πÑ‡∏õ‡∏ï‡∏≤‡∏°‡∏¢‡∏ñ‡∏≤‡∏Å‡∏£‡∏£‡∏°
__
 ‡∏£‡∏ß‡∏°‡∏û‡∏•‡∏ó‡∏µ‡πà‡∏≠‡∏ô‡∏∏‡∏™‡∏≤‡∏ß‡∏£‡∏µ‡∏¢‡πå‡∏õ‡∏£‡∏∞‡∏ä‡∏≤‡∏ò‡∏¥‡∏õ‡πÑ‡∏ï‡∏¢‡πÑ‡∏õ‡∏ó‡∏≥‡πÄ‡∏ô‡∏µ‡∏¢‡∏ö‡∏õ‡∏£‡∏™‡∏¥‡∏ï",https://www.facebook.com/FreeYOUTHth/posts/550611943054534,4.3 ‡∏û‡∏±‡∏ô,2.3 ‡∏´‡∏°‡∏∑‡πà‡∏ô,['#‡∏°‡πá‡∏≠‡∏ö18‡∏Å‡∏£‡∏Å‡∏é‡∏≤']
47,2021-07-17 16:29:00,"‡πÅ‡∏ú‡∏ô‡∏ó‡∏µ‡πà‡∏£‡∏π‡∏õ‡∏Ç‡∏ö‡∏ß‡∏ô‡∏à‡∏≤‡∏Å‡∏≠‡∏ô‡∏∏‡∏™‡∏≤‡∏ß‡∏£‡∏µ‡∏¢‡πå‡∏õ‡∏£‡∏∞‡∏ä‡∏≤‡∏ò‡∏¥‡∏õ‡πÑ‡∏ï‡∏¢ #‡∏°‡πá‡∏≠‡∏ö18‡∏Å‡∏£‡∏Å‡∏é‡∏≤ ‡∏£‡∏ß‡∏°‡∏û‡∏•‡πÄ‡∏ï‡πá‡∏°‡∏£‡∏π‡∏õ‡πÅ‡∏ö‡∏ö!


‚Ä¢ ‡πÉ‡∏Ñ‡∏£‡∏à‡∏∞‡πÄ‡∏î‡∏¥‡∏ô‡πÄ‡∏ó‡πâ‡∏≤‡∏Ç‡∏≠‡πÉ‡∏´‡πâ‡∏£‡∏ß‡∏°‡∏ï‡∏±‡∏ß‡∏Å‡∏±‡∏ô‡∏ö‡∏£‡∏¥‡πÄ‡∏ß‡∏ì‡∏ù‡∏±‡πà‡∏á‡πÅ‡∏°‡πá‡∏Ñ
‚Ä¢ ‡πÉ‡∏Ñ‡∏£‡∏°‡∏≤‡∏Å‡∏±‡∏ö‡∏£‡∏ñ‡∏¢‡∏ô‡∏ï‡πå ‡∏°‡∏≠‡πÄ‡∏ï‡∏≠‡∏£‡πå‡πÑ‡∏ã‡∏Ñ‡πå ‡∏£‡∏ñ‡∏ï‡∏∏‡πä‡∏Å‡πÜ ‡∏´‡∏£‡∏∑‡∏≠‡∏¢‡∏≤‡∏ô‡∏û‡∏≤‡∏´‡∏ô‡∏∞‡πÉ‡∏î‡πÜ ‡∏à‡∏∏‡∏î‡∏£‡∏ß‡∏°‡∏û‡∏•‡∏à‡∏∞‡∏≠‡∏¢‡∏π‡πà‡∏´‡∏•‡∏±‡∏á‡∏£‡∏ñ‡∏õ‡∏£‡∏≤‡∏®‡∏£‡∏±‡∏¢‡∏´‡∏ô‡πâ‡∏≤‡∏®‡∏∂‡∏Å‡∏©‡∏≤‡∏†‡∏±‡∏ì‡∏ë‡πå‡πÄ‡∏Å‡πà‡∏≤ ‡∏Å‡∏¥‡∏ô‡πÄ‡∏•‡∏ô‡∏ó‡∏±‡πâ‡∏á‡∏´‡∏°‡∏î 3 ‡πÄ‡∏•‡∏ô (‡πÄ‡∏û‡∏∑‡πà‡∏≠‡πÄ‡∏õ‡∏¥‡∏î‡∏ó‡∏≤‡∏á‡∏£‡∏ñ ‡∏Å‡∏£‡∏ì‡∏µ‡∏â‡∏∏‡∏Å‡πÄ‡∏â‡∏¥‡∏ô) ‡∏≠‡∏¢‡πà‡∏≤‡∏•‡∏∑‡∏°‡πÄ‡∏õ‡∏¥‡∏î‡πÑ‡∏ü‡∏â‡∏∏‡∏Å‡πÄ‡∏â‡∏¥‡∏ô‡πÄ‡∏û‡∏∑‡πà‡∏≠‡πÉ‡∏´‡πâ‡∏ó‡∏µ‡∏°‡∏Ñ‡∏ß‡∏≤‡∏°‡∏õ‡∏•‡∏≠‡∏î‡∏†‡∏±‡∏¢‡∏≠‡∏≥‡∏ô‡∏ß‡∏¢‡∏Ñ‡∏ß‡∏≤‡∏°‡∏™‡∏∞‡∏î‡∏ß‡∏Å‡πÉ‡∏´‡πâ‡∏Ñ‡∏∏‡∏ì‡∏´‡∏ô‡πâ‡∏≤‡∏á‡∏≤‡∏ô


‡πÇ‡∏õ‡∏£‡∏î‡πÄ‡∏ï‡∏£‡∏µ‡∏¢‡∏°‡∏ï‡∏±‡∏ß‡πÉ‡∏´‡πâ‡∏û‡∏£‡πâ‡∏≠‡∏°‡∏Å‡∏£‡∏ì‡∏µ‡∏ù‡∏ô‡∏ï‡∏Å ‡πÄ‡∏£‡∏≤‡∏à‡∏∞‡πÑ‡∏°‡πà‡∏´‡∏¢‡∏∏‡∏î‡∏Å‡∏≤‡∏£‡∏õ‡∏£‡∏∞‡∏ó‡πâ‡∏ß‡∏á‡∏ô‡∏µ‡πâ ‡πÑ‡∏õ‡∏ï‡πà‡∏≠!


‡πÅ‡∏•‡πâ‡∏ß‡∏û‡∏ö‡∏Å‡∏±‡∏ô 18 ‡∏Å‡∏£‡∏Å‡∏é‡∏≤‡∏Ñ‡∏°‡∏ô‡∏µ‡πâ! 14:00 ‡∏ô. ‡∏û‡∏£‡πâ‡∏≠‡∏°‡∏Å‡∏±‡∏ô‡∏ó‡∏µ‡πà‡∏≠‡∏ô‡∏∏‡∏™‡∏≤‡∏ß‡∏£‡∏µ‡∏¢‡πå‡∏õ‡∏£‡∏∞‡∏ä‡∏≤‡∏ò‡∏¥‡∏õ‡πÑ‡∏ï‡∏¢‡∏°‡∏∏‡πà‡∏á‡πÑ‡∏õ‡∏ó‡∏≥‡πÄ‡∏ô‡∏µ‡∏¢‡∏ö‡∏õ‡∏£‡∏™‡∏¥‡∏ï!
__",https://www.facebook.com/FreeYOUTHth/posts/550540396395022,888,1.9 ‡∏û‡∏±‡∏ô,['#‡∏°‡πá‡∏≠‡∏ö18‡∏Å‡∏£‡∏Å‡∏é‡∏≤']
48,2021-07-17 14:14:00,"‡πÇ‡∏õ‡∏£‡∏î‡∏Ç‡∏¢‡∏≤‡∏¢‡∏£‡∏π‡∏õ‡πÄ‡∏û‡∏∑‡πà‡∏≠‡πÄ‡∏´‡πá‡∏ô‡∏Ñ‡∏ß‡∏≤‡∏°‡∏à‡∏£‡∏¥‡∏á‡∏≠‡∏±‡∏ô‡πÄ‡∏ô‡πà‡∏≤‡πÄ‡∏ü‡∏∞‡∏Ç‡∏≠‡∏á‡∏£‡∏±‡∏ê‡∏ö‡∏≤‡∏• ‡∏´‡∏≤‡∏Å‡∏ó‡∏ô‡πÑ‡∏°‡πà‡πÑ‡∏´‡∏ß ‡∏û‡∏ö‡∏Å‡∏±‡∏ô‡∏û‡∏£‡∏∏‡πà‡∏á‡∏ô‡∏µ‡πâ ‡∏ö‡πà‡∏≤‡∏¢‡∏™‡∏≠‡∏á ‡∏ó‡∏µ‡πà‡∏≠‡∏ô‡∏∏‡∏™‡∏≤‡∏ß‡∏£‡∏µ‡∏¢‡πå‡∏õ‡∏£‡∏∞‡∏ä‡∏≤‡∏ò‡∏¥‡∏õ‡πÑ‡∏ï‡∏¢ ‡πÅ‡∏•‡πâ‡∏ß‡πÄ‡∏Ñ‡∏•‡∏∑‡πà‡∏≠‡∏ô‡∏û‡∏•‡πÑ‡∏õ‡∏ó‡∏≥‡πÄ‡∏ô‡∏µ‡∏¢‡∏ö‡∏õ‡∏£‡∏™‡∏¥‡∏ï‡∏û‡∏£‡πâ‡∏≠‡∏°‡∏Å‡∏±‡∏ô


‡∏õ‡∏£‡∏∞‡πÄ‡∏ó‡∏®‡πÑ‡∏ó‡∏¢‡∏ï‡πâ‡∏≠‡∏á‡∏Å‡∏≤‡∏£ ""‡∏Ñ‡∏∏‡∏ì""",https://www.facebook.com/FreeYOUTHth/posts/550481746400887,1.1 ‡∏û‡∏±‡∏ô,4.8 ‡∏û‡∏±‡∏ô,"['#‡∏°‡πá‡∏≠‡∏ö18‡∏Å‡∏£‡∏Å‡∏é‡∏≤', '#‡πÄ‡∏¢‡∏≤‡∏ß‡∏ä‡∏ô‡∏õ‡∏•‡∏î‡πÅ‡∏≠‡∏Å']"
49,2021-07-16 20:55:00,"‡∏¢‡πâ‡∏≥‡∏°‡∏≤‡∏ï‡∏£‡∏Å‡∏≤‡∏£‡∏õ‡πâ‡∏≠‡∏á‡∏Å‡∏±‡∏ô‡πÇ‡∏Ñ‡∏ß‡∏¥‡∏î
‚Ä¢ ‡∏´‡∏ô‡πâ‡∏≤‡∏Å‡∏≤‡∏Å‡∏≠‡∏ô‡∏≤‡∏°‡∏±‡∏¢ ‡πÇ‡∏î‡∏¢‡πÄ‡∏â‡∏û‡∏≤‡∏∞‡∏õ‡∏£‡∏∞‡πÄ‡∏†‡∏ó KN 95
‚Ä¢ ‡∏ä‡∏∏‡∏î‡∏Å‡∏±‡∏ô‡∏ù‡∏ô ‡πÄ‡∏û‡∏∑‡πà‡∏≠‡∏õ‡πâ‡∏≠‡∏á‡∏Å‡∏±‡∏ô‡πÄ‡∏ä‡∏∑‡πâ‡∏≠‡πÅ‡∏•‡∏∞‡∏õ‡πâ‡∏≠‡∏á‡∏Å‡∏±‡∏ô‡∏ù‡∏ô
‚Ä¢ ‡πÅ‡∏≠‡∏•‡∏Å‡∏≠‡∏Æ‡∏≠‡∏•‡πå‡∏™‡∏≥‡∏´‡∏£‡∏±‡∏ö‡∏•‡πâ‡∏≤‡∏á‡∏°‡∏∑‡∏≠
‚Ä¢ ‡∏ñ‡∏∏‡∏á‡∏°‡∏∑‡∏≠‡∏¢‡∏≤‡∏á ‡πÄ‡∏û‡∏∑‡πà‡∏≠‡∏õ‡πâ‡∏≠‡∏á‡∏Å‡∏±‡∏ô‡∏Å‡∏≤‡∏£‡∏ï‡∏¥‡∏î‡πÄ‡∏ä‡∏∑‡πâ‡∏≠‡∏à‡∏≤‡∏Å‡∏Å‡∏≤‡∏£‡∏™‡∏±‡∏°‡∏ú‡∏±‡∏™
‚Ä¢ ‡∏≠‡∏∑‡πà‡∏ô‡πÜ ‡∏´‡∏°‡∏ß‡∏Å‡∏Ñ‡∏•‡∏∏‡∏° ‡πÄ‡∏ü‡∏ã‡∏ä‡∏¥‡∏•‡∏î‡πå


‡∏Ç‡∏≠‡∏Ñ‡∏ß‡∏≤‡∏°‡∏£‡πà‡∏ß‡∏°‡∏°‡∏∑‡∏≠‡∏ó‡∏∏‡∏Å‡∏Ñ‡∏ô ‡∏ä‡πà‡∏ß‡∏¢‡∏Å‡∏±‡∏ô‡∏õ‡∏è‡∏¥‡∏ö‡∏±‡∏ï‡∏¥‡∏ï‡∏≤‡∏°‡∏°‡∏≤‡∏ï‡∏£‡∏Å‡∏≤‡∏£‡∏õ‡πâ‡∏≠‡∏á‡∏Å‡∏±‡∏ô‡πÇ‡∏Ñ‡∏ß‡∏¥‡∏î 19 ‡∏≠‡∏¢‡πà‡∏≤‡∏á‡πÄ‡∏Ñ‡∏£‡πà‡∏á‡∏Ñ‡∏£‡∏±‡∏î ‡∏£‡∏±‡∏Å‡∏©‡∏≤‡∏£‡∏∞‡∏¢‡∏∞‡∏´‡πà‡∏≤‡∏á‡∏à‡∏≤‡∏Å‡∏ú‡∏π‡πâ‡∏≠‡∏∑‡πà‡∏ô‡∏≠‡∏¢‡πà‡∏≤‡∏á‡∏ô‡πâ‡∏≠‡∏¢ 1-2 ‡πÄ‡∏°‡∏ï‡∏£‡∏Ç‡∏ì‡∏∞‡∏ó‡∏≥‡∏Å‡∏¥‡∏à‡∏Å‡∏£‡∏£‡∏° ‡πÇ‡∏õ‡∏£‡∏î‡∏™‡∏ß‡∏°‡∏´‡∏ô‡πâ‡∏≤‡∏Å‡∏≤‡∏Å‡∏≠‡∏ô‡∏≤‡∏°‡∏±‡∏¢‡∏ï‡∏•‡∏≠‡∏î‡πÄ‡∏ß‡∏•‡∏≤ ‡πÅ‡∏•‡∏∞‡∏Ç‡∏≠‡∏Ñ‡∏ß‡∏≤‡∏°‡∏£‡πà‡∏ß‡∏°‡∏°‡∏∑‡∏≠‡πÑ‡∏°‡πà‡∏ñ‡∏≠‡∏î‡∏´‡∏ô‡πâ‡∏≤‡∏Å‡∏≤‡∏Å‡∏≠‡∏ô‡∏≤‡∏°‡∏±‡∏¢‡πÇ‡∏î‡∏¢‡πÄ‡∏î‡πá‡∏î‡∏Ç‡∏≤‡∏î


‡πÅ‡∏•‡πâ‡∏ß‡∏û‡∏ö‡∏Å‡∏±‡∏ô 18 ‡∏Å‡∏£‡∏Å‡∏é‡∏≤‡∏Ñ‡∏°‡∏ô‡∏µ‡πâ! 14:00 ‡∏ô. ‡∏û‡∏£‡πâ‡∏≠‡∏°‡∏Å‡∏±‡∏ô‡∏ó‡∏µ‡πà‡∏≠‡∏ô‡∏∏‡∏™‡∏≤‡∏ß‡∏£‡∏µ‡∏¢‡πå‡∏õ‡∏£‡∏∞‡∏ä‡∏≤‡∏ò‡∏¥‡∏õ‡πÑ‡∏ï‡∏¢‡∏°‡∏∏‡πà‡∏á‡πÑ‡∏õ‡∏ó‡∏≥‡πÄ‡∏ô‡∏µ‡∏¢‡∏ö‡∏õ‡∏£‡∏™‡∏¥‡∏ï!
___
‡∏Ç‡∏≠‡∏ö‡∏Ñ‡∏∏‡∏ì‡∏£‡∏π‡∏õ‡∏à‡∏≤‡∏Å Sina Wittayawiroj¬Æ",https://www.facebook.com/FreeYOUTHth/posts/550031816445880,163,356,['#‡∏°‡πá‡∏≠‡∏ö18‡∏Å‡∏£‡∏Å‡∏é‡∏≤']
